[
    {
        "type": "File",
        "name": "d:\\Users\\ADIL\\Desktop\\commune_rh\\routes\\web.php",
        "parent_id": null,
        "fsPath": "d:\\Users\\ADIL\\Desktop\\commune_rh\\routes\\web.php",
        "workspaceRoot": null,
        "workspacePath": null,
        "id": "zZ8IeSvgE3UKhltC"
    },
    {
        "type": "File",
        "name": "d:\\Users\\ADIL\\Desktop\\commune_rh\\app\\Http\\Controllers\\AptitudeController.php",
        "parent_id": null,
        "fsPath": "d:\\Users\\ADIL\\Desktop\\commune_rh\\app\\Http\\Controllers\\AptitudeController.php",
        "workspaceRoot": null,
        "workspacePath": null,
        "id": "lSkqL1ThFV5DJgH4"
    },
    {
        "type": "Directory",
        "name": "d:\\Users\\ADIL\\Desktop\\commune_rh\\resources\\views\\pages\\aptitudes",
        "parent_id": null,
        "fsPath": "d:\\Users\\ADIL\\Desktop\\commune_rh\\resources\\views\\pages\\aptitudes",
        "workspaceRoot": null,
        "workspacePath": null,
        "id": "QhXFb0RucwYDVpE2"
    }
]
