-- phpMyAdmin SQL Dump
-- version 5.2.0
-- https://www.phpmyadmin.net/
--
-- Hôte : 127.0.0.1:3306
-- Généré le : mar. 25 juil. 2023 à 07:16
-- Version du serveur : 8.0.31
-- Version de PHP : 8.0.26

SET SQL_MODE = "NO_AUTO_VALUE_ON_ZERO";
START TRANSACTION;
SET time_zone = "+00:00";


/*!40101 SET @OLD_CHARACTER_SET_CLIENT=@@CHARACTER_SET_CLIENT */;
/*!40101 SET @OLD_CHARACTER_SET_RESULTS=@@CHARACTER_SET_RESULTS */;
/*!40101 SET @OLD_COLLATION_CONNECTION=@@COLLATION_CONNECTION */;
/*!40101 SET NAMES utf8mb4 */;

--
-- Base de données : `commune_rh`
--

-- --------------------------------------------------------

--
-- Structure de la table `agents`
--

DROP TABLE IF EXISTS `agents`;
CREATE TABLE IF NOT EXISTS `agents` (
  `id_agent` int NOT NULL AUTO_INCREMENT,
  `mat` int DEFAULT NULL,
  `ppr` int DEFAULT NULL,
  `cin` varchar(10) COLLATE utf8mb4_unicode_ci DEFAULT NULL,
  `nom_fr` varchar(50) COLLATE utf8mb4_unicode_ci DEFAULT NULL,
  `nom_ar` varchar(50) COLLATE utf8mb4_unicode_ci DEFAULT NULL,
  `sexe` varchar(10) COLLATE utf8mb4_unicode_ci DEFAULT NULL,
  `date_naiss` date DEFAULT NULL,
  `lieu_naiss` varchar(100) CHARACTER SET utf8mb4 COLLATE utf8mb4_unicode_ci DEFAULT NULL,
  `date_rec` date DEFAULT NULL,
  `id_grade` int DEFAULT NULL,
  `date_grade` date DEFAULT NULL,
  `echelle` varchar(10) COLLATE utf8mb4_unicode_ci DEFAULT NULL,
  `echellon` int DEFAULT NULL,
  `date_echellon` date DEFAULT NULL,
  `indice` int DEFAULT NULL,
  `date_position` text COLLATE utf8mb4_unicode_ci,
  `lieu_position` varchar(50) COLLATE utf8mb4_unicode_ci DEFAULT NULL,
  `id_fonction` int DEFAULT NULL,
  `id_bureau` int NOT NULL,
  `id_position` int NOT NULL DEFAULT '1',
  `situation_fam` varchar(50) CHARACTER SET utf8mb4 COLLATE utf8mb4_unicode_ci DEFAULT NULL,
  `fonction_cj` varchar(50) COLLATE utf8mb4_unicode_ci DEFAULT NULL,
  `nbr_enfant` int DEFAULT NULL,
  `aos` varchar(10) COLLATE utf8mb4_unicode_ci DEFAULT NULL,
  `aff_mutuelle` varchar(20) COLLATE utf8mb4_unicode_ci DEFAULT NULL,
  `immatriculation` varchar(20) COLLATE utf8mb4_unicode_ci DEFAULT NULL,
  `n_affilation` varchar(20) COLLATE utf8mb4_unicode_ci DEFAULT NULL,
  `aff_cmr` varchar(20) COLLATE utf8mb4_unicode_ci DEFAULT NULL,
  `rib` varchar(24) COLLATE utf8mb4_unicode_ci DEFAULT NULL,
  `agence` varchar(20) COLLATE utf8mb4_unicode_ci DEFAULT NULL,
  `tel` varchar(15) COLLATE utf8mb4_unicode_ci DEFAULT NULL,
  `adresse_fr` varchar(120) COLLATE utf8mb4_unicode_ci DEFAULT NULL,
  `adresse_ar` varchar(120) COLLATE utf8mb4_unicode_ci DEFAULT NULL,
  `photo` varchar(150) COLLATE utf8mb4_unicode_ci DEFAULT NULL,
  PRIMARY KEY (`id_agent`),
  UNIQUE KEY `mat` (`mat`),
  KEY `id_grade` (`id_grade`),
  KEY `id_fonction` (`id_fonction`),
  KEY `id_bureau` (`id_bureau`),
  KEY `id_position` (`id_position`)
) ENGINE=MyISAM AUTO_INCREMENT=257 DEFAULT CHARSET=utf8mb4 COLLATE=utf8mb4_unicode_ci;

--
-- Déchargement des données de la table `agents`
--

INSERT INTO `agents` (`id_agent`, `mat`, `ppr`, `cin`, `nom_fr`, `nom_ar`, `sexe`, `date_naiss`, `lieu_naiss`, `date_rec`, `id_grade`, `date_grade`, `echelle`, `echellon`, `date_echellon`, `indice`, `date_position`, `lieu_position`, `id_fonction`, `id_bureau`, `id_position`, `situation_fam`, `fonction_cj`, `nbr_enfant`, `aos`, `aff_mutuelle`, `immatriculation`, `n_affilation`, `aff_cmr`, `rib`, `agence`, `tel`, `adresse_fr`, `adresse_ar`, `photo`) VALUES
(1, 1, 1891829, 'J152896', 'HARBAL MOHAMED', 'هربال محمد', 'Masculin', '1962-12-31', 'TANTAN', '1991-07-01', 17, '2007-12-31', 'H*E', 4, '2016-08-01', 812, NULL, NULL, 1, 1, 1, 'Marié', 'SANS', 4, NULL, 'OMFAM', '508511', '231133', '20047454', '011650000002200000285344', 'BMCE', NULL, NULL, NULL, '1891829.jpg'),
(2, 3, 1891652, 'JF8556', 'JAIMOUAA SALEM', 'جيموع  سالم', 'Masculin', '1970-12-31', 'TANTAN', '1996-04-15', 17, '2011-12-30', 'H*E', 2, '2014-12-15', 746, NULL, NULL, 1, 1, 1, 'Marié', 'SANS', 6, NULL, 'OMFAM', '0', '0', '20089274', '225650011702594601012111', 'C.Agr', NULL, NULL, NULL, '1891652.jpg'),
(3, 6, 323562, 'J150488', 'ISMAIL MOHAMED YAKOUB', 'اسماعيل  محمد يعقوب', 'Masculin', '1961-12-31', 'Tan_Tan', '1993-09-28', 17, '2008-12-31', 'H*E', 4, '2016-10-28', 812, NULL, NULL, 1, 1, 1, 'Marié', 'SANS', 1, NULL, 'OMFAM', '604466', '239898', '20086608', '011650000002200000262161', 'BMCE', NULL, NULL, NULL, '323562.jpg'),
(4, 7, 1891690, 'A476349', 'RAMHI MIMOUNA', 'الرمحي  ميمونة', 'Féminin', '1964-04-15', 'SIDI KASSEM', '1991-07-01', 17, '2018-01-01', 'H*E', 1, '2015-01-01', 704, NULL, NULL, 1, 1, 1, 'Celibataire', 'SANS', 0, NULL, 'OMFAM', '529112', '234525', '20059483', '101650211113232752000653', 'B.P', NULL, NULL, NULL, '1891690.jpg'),
(5, 8, 1891691, 'JF1158', 'EZZAHIR MARYAMA', 'الزهير  مريامة', 'Féminin', '1966-01-01', 'ASSA', '1991-07-01', 16, '2013-01-01', '10', 10, '2009-07-01', 512, NULL, NULL, 1, 1, 1, 'Celibataire', 'SANS', 0, NULL, 'GENERALE', '619462', '227140', '20068588', '101650211113233127000228', 'B.P', NULL, NULL, NULL, '1891691.jpg'),
(6, 9, 1891832, 'JF6943', 'MOURAG HABIBA', 'موراك  حبيبة', 'Féminin', '1967-01-01', 'TATA', '1996-04-15', 17, '2015-01-14', 'H*E', 1, '2015-01-14', 704, NULL, NULL, 1, 1, 1, 'Celibataire', 'SANS', 0, NULL, 'GENERALE', '670127', '277973', '20089273', '011650000002200000353050', 'BMCE', NULL, NULL, NULL, '1891832.jpg'),
(7, 16, 1891693, 'BE38817', 'HAMMOUCHI ABDELAAZIZ', 'حموشي  عبدالعزيز', 'Masculin', '1962-12-31', 'OUARZAZATE', '1987-09-01', 1, '2012-12-31', '11', 10, '2017-09-01', 639, NULL, NULL, 1, 1, 1, 'Marié', 'SANS', 1, NULL, 'GENERALE', '400628', '144434', '20086530', '101650211113231142000764', 'B.P', NULL, NULL, NULL, '1891693.jpg'),
(8, 18, 1891694, 'F257016', 'ERRACHDI MIMOUN', 'الراشدي  ميمون', 'Masculin', '1961-12-10', 'SIDI MAAFA', '1987-09-01', 1, '2011-12-31', '11', 10, '2017-09-01', 639, NULL, NULL, 1, 1, 1, 'Marié', 'SANS', 2, NULL, 'GENERALE', '415727', '148912', '20086367', '101650211113231154000246', 'B.P', NULL, NULL, NULL, '1891694.jpg'),
(9, 20, 1891834, 'JF929', 'OUISSI AHMED', 'ويسي  احمد', 'Masculin', '1964-05-21', 'TANTAN', '1991-07-01', 1, '2019-12-31', '11', 9, '2018-07-01', 606, NULL, NULL, 1, 1, 1, 'Marié', 'SANS', 1, NULL, 'GENERALE', '683179', '291025', '20059430', '011650000002200000385933', 'BMCE', NULL, NULL, NULL, '1891834.jpg'),
(10, 22, 1891835, 'SH32047', 'DOUIF RAMDAN', 'ظويف  رمضان', 'Masculin', '1963-12-31', 'Tan_Tan', '1993-10-13', 2, '2014-12-31', '10', 9, '2015-10-13', 484, NULL, NULL, 1, 1, 1, 'Marié', 'SANS', 0, NULL, 'GENERALE', '635598', '243369', '20086005', '011650000002200000226368', 'BMCE', '666527778', NULL, NULL, '1891835.jpg'),
(11, 26, 1891836, 'N38718', 'KAZ NAJATE', 'كز  نجاة', 'Féminin', '1965-08-28', 'ESSAOUIRA', '1992-01-02', 2, '2015-01-01', '10', 8, '2012-01-01', 456, NULL, NULL, 1, 1, 1, 'Mariée', 'SANS', 1, NULL, 'GENERALE', '607020', '214680', '20064034', '011650000002200000229084', 'BMCE', NULL, NULL, NULL, '1891836.jpg'),
(12, 29, 1891838, 'JF22488', 'BISMIR LAYLA', 'بسمير  ليلى', 'Féminin', '1977-06-20', 'TANTAN', '2002-08-01', 3, '2010-12-31', '9', 6, '2012-08-01', 339, NULL, NULL, 1, 1, 1, 'Celibataire', 'SANS', 1, NULL, 'GENERALE', '687068', '294914', '20101598', '011650000002200000705451', 'BMCE', NULL, NULL, NULL, '1891838.jpg'),
(13, 30, 1891839, 'SH94360', 'JOUA FATIMA', 'جوى  فطيمة', 'Féminin', '1976-01-05', 'TANTAN', '2003-03-15', 3, '2013-12-31', '9', 7, '2016-12-31', 361, NULL, NULL, 1, 1, 1, 'Mariée', 'SANS', 3, NULL, 'GENERALE', '702210', '310057', '20101567', '011650000002200000568681', 'BMCE', '613015843', NULL, NULL, '1891839.jpg'),
(14, 31, 1891654, 'JF28819', 'BELOUSE HOURYA', 'بلوز  حورية', 'Féminin', '1982-01-20', 'TANTAN', '2002-01-08', 3, '2010-12-30', '9', 6, '2012-08-01', 339, NULL, NULL, 1, 1, 1, 'Mariée', 'SANS', 0, NULL, 'SANS', '0', '0', '20101662', '225650011702465601010192', 'C.Agr', NULL, NULL, NULL, '1891654.jpg'),
(15, 32, 1891840, 'CB50447', 'EL AZIZI SAID', 'العزيزي  سعيد', 'Masculin', '1973-12-31', 'SEFROU', '1997-01-07', 1, '2020-12-31', '11', 8, '2019-01-07', 574, NULL, NULL, 1, 1, 1, 'Marié', 'SANS', 3, NULL, 'SANS', '0', '0', '20090322', '225650011701576601020727', 'C.Agr', NULL, NULL, NULL, '1891840.jpg'),
(16, 33, 1891841, 'JF10833', 'FARRAHI MBARKA', 'فراحي  امباركة', 'Féminin', '1968-12-31', 'Tan_Tan', '1990-09-29', 3, '2013-03-10', '9', 7, '2016-03-10', 361, NULL, NULL, 1, 1, 1, 'Celibataire', 'SANS', 0, NULL, 'OMFAM', '534471', '234982', '20101561', '011650000002200000378464', 'BMCE', '653542254', NULL, NULL, '1891841.jpg'),
(17, 36, 1891696, 'JF3986', 'TOUIRE SALEK', 'طوير  السالك', 'Masculin', '1964-10-20', 'MEDILT', '1994-07-18', 2, '2018-08-01', '10', 9, '2017-07-18', 484, NULL, NULL, 1, 1, 1, 'Marié', 'SANS', 2, NULL, 'GENERALE', '53190249836', '393527', '20087376', '101650211113232228000251', 'B.P', NULL, NULL, NULL, '1891696.jpg'),
(18, 38, 1891843, 'JF7685', 'BELQASMI MOHAMED', 'بلقاسمي  محمد', 'Masculin', '1966-12-31', 'GUELMIM', '1993-09-30', 1, '2016-12-31', '11', 8, '2015-09-30', 574, NULL, NULL, 1, 1, 1, 'Marié', 'SANS', 0, NULL, 'GENERALE', '659180', '267025', '20068103', '007650000725800030561092', 'TWB', NULL, NULL, NULL, '1891843.jpg'),
(19, 41, 1891845, 'JF2809', 'BOUCHALGA MOHAMMED SALEM', 'بوشلكة  محمد سالم', 'Masculin', '1966-12-31', 'Tan_Tan', '1993-09-30', 2, '2018-01-01', '10', 9, '2017-09-30', 484, NULL, NULL, 1, 1, 1, 'Celibataire', 'SANS', 0, NULL, 'GENERALE', '53638842', '246627', '20085771', '011650000002200000261385', 'BMCE', NULL, NULL, NULL, '1891845.jpg'),
(20, 44, 1891688, 'W54405', 'MAOULAININE EL ALIA OUMI', 'ماء العينين  العالية امي', 'Féminin', '1961-12-31', 'Tan_Tan', '1988-07-10', 20, '2012-01-01', '10', 9, '2011-07-10', 484, NULL, NULL, 1, 1, 1, 'Celibataire', 'SANS', 0, NULL, 'OMFAM', '0', '0', '20086899', '007450000972800030026931', 'TWC.TWB Marrakech', NULL, NULL, NULL, '1891688.jpg'),
(21, 45, 1891847, 'SH36656', 'MAALAININE SIDI AIN', 'ماءالعينين  سيدي عين', 'Masculin', '1964-05-01', 'LAAYOUNE', '1988-07-10', 20, '2013-01-01', '10', 9, '2012-07-10', 484, NULL, NULL, 1, 1, 1, 'Marié', 'SANS', 2, NULL, 'OMFAM', '0', '0', '20055802', '011650000002200000641528', 'BMCE', NULL, NULL, NULL, '1891847.jpg'),
(22, 47, 1891699, 'FH3467', 'BARAR ABDELGHANI', 'بعرار  عبدالغني', 'Masculin', '1964-08-09', 'JRADA', '1990-09-01', 14, '2017-12-31', '11', 9, '2016-09-01', 606, NULL, NULL, 1, 1, 1, 'Marié', 'SANS', 1, NULL, 'GENERALE', '657234', '265079', '20056734', '101650211113232277000286', 'B.P', NULL, NULL, NULL, '1891699.jpg'),
(23, 48, 1891700, 'B787874', 'KAHI ABDELJALIL', 'كاهي  عبدالجليل', 'Masculin', '1963-02-07', 'CASABLANCA', '1989-09-01', 14, '2016-12-31', '11', 9, '2015-09-01', 606, NULL, NULL, 1, 1, 1, 'Marié', 'SANS', 0, NULL, 'OMFAM', '457301', '220312', '20053849', '101650211113231961000573', 'B.P', NULL, NULL, NULL, '1891700.jpg'),
(24, 49, 1891848, 'JF4076', 'KAYA LAHBIB', 'كي  الحبيب', 'Masculin', '1966-08-14', 'AKKA', '1988-07-10', 13, '2019-12-31', 'H*E', 1, '2019-12-31', 704, NULL, NULL, 1, 1, 1, 'Marié', 'SANS', 1, NULL, 'GENERALE', '53464715', '161892', '20086684', '011650000002200000328024', 'BMCE', NULL, NULL, NULL, '1891848.jpg'),
(25, 50, 1891701, 'JF7271', 'SIDATI HASANNA', 'سيداتي  حسنا', 'Masculin', '1965-07-28', 'TANTAN', '1988-07-10', 13, '2020-12-31', 'H*E', 1, '2020-07-10', 704, NULL, NULL, 1, 1, 1, 'Marié', 'SANS', 1, NULL, 'OMFAM', '0', '0', '20053766', '101650211113231360000213', 'B.P', NULL, NULL, NULL, '1891701.jpg'),
(26, 52, 1891702, 'J88838', 'LAASRI MOULAY AHMED', 'العسري  مولاي احمد', 'Masculin', '1961-04-04', 'TIDRGUIT', '1995-11-01', 19, '2017-12-31', '11', 8, '2017-01-01', 574, NULL, NULL, 1, 1, 1, 'Marié', 'SANS', 3, NULL, 'OMFAM', '652869', '288896', '20089271', '101650211115551701000978', 'B.P', NULL, NULL, NULL, '1891702.jpg'),
(27, 53, 1891703, 'JF6805', 'EZZARAA IBTISSAM', 'الزراع  ابتسام', 'Féminin', '1971-12-25', 'MARRAKECH', '1991-07-01', 19, '2019-12-31', '11', 8, '2019-01-07', 574, NULL, NULL, 1, 1, 1, 'Mariée', 'SANS', 0, NULL, 'GENERALE', '628069', '235794', '20082083', '101650211113233870000149', 'B.P', NULL, NULL, NULL, '1891703.jpg'),
(28, 57, 1891850, 'JF6651', 'LAAMIRI MIMOUN', 'الاعميري  ميمون', 'Masculin', '1967-12-11', 'Tan_Tan', '1988-07-10', 14, '2018-12-31', '11', 10, '2016-12-31', 639, NULL, NULL, 1, 1, 1, 'Marié', 'SANS', 5, NULL, 'GENERALE', '685812', '293658', '20078141', '011650000002200000480702', 'BMCE', NULL, NULL, NULL, '1891850.jpg'),
(29, 58, 1891704, 'JF11091', 'SADRI EL HOUCINE', 'صدري  الحسين', 'Masculin', '1970-03-10', 'Tan_Tan', '1994-11-01', 19, '2018-12-31', '11', 9, '2019-11-01', 606, NULL, NULL, 1, 1, 1, 'Marié', 'SANS', 2, NULL, 'GENERALE', '694285', '302130', '20079252', '101650211115551713000557', 'B.P', NULL, NULL, NULL, '1891704.jpg'),
(30, 59, 1891705, 'JA58674', 'EL HADEG M\'BARK', 'الحادك  مبارك', 'Masculin', '1975-12-31', 'DOUAR TIDALT', '2002-09-09', 20, '2016-12-31', '10', 6, '2015-12-30', 402, NULL, NULL, 1, 1, 1, 'Marié', 'SANS', 2, NULL, 'GENERALE', '695789', '303634', '20101550', '101650211115941762000815', 'B.P', '661110334', NULL, NULL, '1891705.jpg'),
(31, 61, 1891706, 'SJ2353', 'AKMACHE LALLA', 'اكماش  لالة', 'Féminin', '1969-12-31', 'TANTAN', '1991-09-01', 15, '2010-12-30', '10', 7, '2008-09-01', 428, NULL, NULL, 1, 1, 1, 'Mariée', 'SANS', 0, NULL, 'GENERALE', '637074', '244764', '20069526', '101650211113234083000218', 'B.P', NULL, NULL, NULL, '1891706.jpg'),
(32, 65, 1891852, 'JF11727', 'BOUMATA ABDESSALEM', 'بوماطا  عبدالسلام', 'Masculin', '1970-04-09', 'AGADIR', '1991-07-07', 7, '2003-01-01', '6', 8, '2008-07-01', 236, NULL, NULL, 1, 1, 1, 'Marié', 'SANS', 4, NULL, 'OMFAM', '0', '0', '20080535', '011650000002200000208229', 'BMCE', NULL, NULL, NULL, '1891852.jpg'),
(33, 66, 1891853, 'JF10800', 'FAKIR NAIMA', 'فاكر  نعيمة', 'Féminin', '1969-11-15', 'Tan_Tan', '1991-01-01', 7, '2003-01-01', '6', 6, '2002-01-01', 209, NULL, NULL, 1, 1, 1, 'Celibataire', 'SANS', 0, NULL, 'GENERALE', '660732', '268577', '20078622', '011650000002200000322301', 'BMCE', NULL, NULL, NULL, '1891853.jpg'),
(34, 67, 1891854, 'J151910', 'HMIMI MOSTAFA', 'حميمي  مصطفى', 'Masculin', '1962-12-31', 'KHENIFRA', '1986-01-05', 21, '2015-11-23', '9', 9, '2015-05-01', 404, NULL, NULL, 1, 1, 1, 'Marié', 'SANS', 1, NULL, 'GENERALE', '680506', '288352', '20048731', '230650896609021102730055', 'CIH BANK', NULL, NULL, NULL, '1891854.jpg'),
(35, 68, 1891855, 'JF2888', 'LAMDAYMIGH EL BATOUL', 'لمديميغ  البتول', 'Féminin', '1964-12-31', 'TANTAN', '1994-07-20', 22, '2011-01-01', '8', 8, '2013-07-20', 332, NULL, NULL, 1, 1, 1, 'Celibataire', 'SANS', 0, NULL, 'GENERALE', '620687', '228366', '20059232', '011650000002200000271958', 'BMCE', NULL, NULL, NULL, '1891855.jpg'),
(36, 69, 1891856, 'JF6346', 'TAHAR SIDI MOHAMED', 'الطاهر  سيدي محمد', 'Masculin', '1966-10-27', 'TANTAN', '1991-07-01', 21, '2016-12-31', '9', 8, '2014-07-01', 382, NULL, NULL, 1, 1, 1, 'Marié', 'SANS', 2, NULL, 'OMFAM', '510199', '231494', '20069100', '011650000002200000383314', 'BMCE', '661110335', NULL, NULL, '1891856.jpg'),
(37, 71, 1891707, 'E375898', 'NANNA ABDELLATIF', 'نانة  عبداللطيف', 'Masculin', '1969-01-30', 'MARRAKECH', '1994-11-01', 2, '2015-12-31', '10', 8, '2016-11-01', 456, NULL, NULL, 1, 1, 1, 'Marié', 'SANS', 2, NULL, 'OMFAM', '0', '0', '20087039', '101650211115550186000561', 'B.P', NULL, NULL, NULL, '1891707.jpg'),
(38, 72, 1891708, 'JF8554', 'BLAL KHADIJA', 'بلال  خديجة', 'Féminin', '1969-09-24', 'Tan_Tan', '1992-11-01', 3, '2015-05-01', '9', 5, '2013-05-01', 317, NULL, NULL, 1, 1, 1, 'Mariée', 'SANS', 1, NULL, 'GENERALE', '695790', '303635', '20101593', '101650211113234192000088', 'B.P', NULL, NULL, NULL, '1891708.jpg'),
(39, 73, 1891709, 'JF6638', 'EL HARTI MOHAMED', 'الحرتي  محمد', 'Masculin', '1968-03-25', 'MEKNES', '1991-07-01', 2, '2018-12-31', '10', 8, '2018-07-01', 456, NULL, NULL, 1, 1, 1, 'Marié', 'SANS', 1, NULL, 'GENERALE', '698827', '306672', '20086187', '101650211113233250000108', 'B.P', NULL, NULL, NULL, '1891709.jpg'),
(40, 74, 1891710, 'SH57717', 'DEDDE MOHAMED FADEL', 'الدد  محمد فاضل', 'Masculin', '1968-12-31', 'LAAYOUNE', '1988-07-10', 9, '2000-07-01', '8', 10, '2012-07-01', 373, NULL, NULL, 1, 1, 1, 'Marié', 'SANS', 1, NULL, 'OMFAM', '609538', '245069', '20075669', '101650211113233765000947', 'B.P', NULL, NULL, NULL, '1891710.jpg'),
(41, 77, 1891712, 'SH60835', 'LAFKIR AICHA', 'لفقير  عائشة', 'Féminin', '1966-08-16', 'LAAYOUNE', '1988-07-10', 9, '2000-07-01', '8', 10, '2011-07-01', 373, NULL, NULL, 1, 1, 1, 'Celibataire', 'SANS', 0, NULL, 'OMFAM', '0', '0', '20068815', '101650211115551573000457', 'B.P', NULL, NULL, NULL, '1891712.jpg'),
(42, 78, 1891858, 'SH53085', 'R\'GUIBI MOULAY LAKHAL', 'الركيبي  مولاي الاكحل', 'Masculin', '1966-12-31', 'LAAYOUNE', '1988-07-10', 12, '2019-12-31', '11', 10, '2019-12-01', 639, NULL, NULL, 1, 1, 1, 'Marié', 'SANS', 2, NULL, 'OMFAM', '621831', '257618', '20087206', '011650000002200000393887', 'BMCE', NULL, NULL, NULL, '1891858.jpg'),
(43, 80, 1891859, 'SH64043', 'TIRSAL LAHACENIA', 'ترسال  الخسنية', 'Féminin', '1969-01-25', 'TANTAN', '1988-07-10', 9, '2000-07-01', '8', 10, '2012-07-01', 373, NULL, NULL, 1, 1, 1, 'Celibataire', 'SANS', 0, NULL, 'OMFAM', '0', '0', '20078886', '011650000002200000348103', 'BMCE', NULL, NULL, NULL, '1891859.jpg'),
(44, 81, 1891860, 'SH65736', 'EL MOUSAOUI AICHA', 'المساوي  عائشة', 'Féminin', '1969-12-31', 'BOUJDOUR', '1988-07-10', 12, '2018-12-31', '11', 4, '2017-04-01', 436, NULL, NULL, 1, 1, 1, 'Celibataire', 'SANS', 0, NULL, 'GENERALE', '670625', '278471', '20078568', '011650000002200000398349', 'BMCE', NULL, NULL, NULL, '1891860.jpg'),
(45, 82, 1891861, 'JF10826', 'BABOUZID MOULAY BRAHIM', 'بابوزيد  مولاي ابراهيم', 'Masculin', '1972-12-31', 'ESSMARA', '1988-07-10', 9, '2010-07-01', '8', 10, '2015-07-10', 373, NULL, NULL, 1, 1, 1, 'Marié', 'SANS', 2, NULL, 'OMFAM', '2222', '1111', '20083312', '011650000002200000403878', 'BMCE', NULL, NULL, NULL, '1891861.jpg'),
(46, 83, 1891862, 'SJ4697', 'EL WALI RAGHIA', 'الوالي  رغية', 'Féminin', '1969-12-31', 'Es smara', '1988-07-10', 9, '2014-01-01', '8', 9, '2012-07-10', 353, NULL, NULL, 1, 1, 1, 'Mariée', 'SANS', 3, NULL, 'OMFAM', '0', '0', '20086335', '011650000002200000439477', 'BMCE', NULL, NULL, NULL, '1891862.jpg'),
(47, 84, 1891655, 'JF4293', 'EL HARTI SAAD', 'الحرتي  السعد', 'Masculin', '1965-02-15', 'TANTAN', '1991-07-01', 6, '2018-07-01', '7', 8, '2017-07-01', 291, NULL, NULL, 1, 1, 1, 'Marié', 'SANS', 3, NULL, 'GENERALE', '53960684', '426737', '20063734', '225650011702596601012334', 'C.Agr', NULL, NULL, NULL, '1891655.jpg'),
(48, 86, 1891685, 'JF7665', 'OUCHRAA AHMED', 'اوشرع  احمد', 'Masculin', '1968-10-27', 'SAFI', '1991-07-01', 6, '2019-09-07', '7', 9, '2018-07-01', 305, NULL, NULL, 1, 1, 1, 'Marié', 'SANS', 3, NULL, 'GENERALE', '628464', '236188', '20076154', '007650000725800030141373', 'TWB', NULL, NULL, NULL, '1891685.jpg'),
(49, 87, 1891714, 'JF9337', 'CHBANI ASMAA', 'شباني  اسماء', 'Féminin', '1969-06-04', 'KENITRA', '1992-01-01', 7, '2012-07-12', '6', 7, '2015-07-03', 222, NULL, NULL, 1, 1, 1, 'Celibataire', 'SANS', 0, NULL, 'SANS', '53869541', '379958', '20078428', '101650211113233347000690', 'B.P', NULL, NULL, NULL, '1891714.jpg'),
(50, 90, 1891716, 'JD3949', 'CHARAF MOUSSA', 'شرف  موسى', 'Masculin', '1965-12-31', 'TIZNIT', '1991-07-01', 21, '2018-12-31', '9', 8, '2016-07-01', 382, NULL, NULL, 1, 1, 1, 'Marié', 'SANS', 2, NULL, 'GENERALE', '662370', '270215', '20063557', '101650211113232936000535', 'B.P', NULL, NULL, NULL, '1891716.jpg'),
(51, 92, 1891718, 'JF10946', 'MEJJAT KHADIJA', 'مجعا ط  خديجة', 'Féminin', '1969-08-04', 'TANTAN', '1991-01-01', 7, '2003-01-01', '6', 6, '2002-01-01', 209, NULL, NULL, 1, 1, 1, 'Celibataire', 'SANS', 0, NULL, 'OMFAM', '0', '0', '20078763', '101650211113232929000433', 'B.P', NULL, NULL, NULL, '1891718.jpg'),
(52, 93, 1891719, 'JF1460', 'KHABACHE ABDESSLAM', 'خباش  عبدالسلام', 'Masculin', '1966-12-31', 'Tan_Tan', '1996-04-15', 6, '2016-12-31', '7', 6, '2015-07-05', 260, NULL, NULL, 1, 1, 1, 'Marié', 'SANS', 1, NULL, 'GENERALE', '699413', '307258', '20101568', '101650211115551138000271', 'B.P', NULL, NULL, NULL, '1891719.jpg'),
(53, 94, 1891863, 'JF7975', 'ABBOUH IKHALIHLNA', 'ابوه  اخله لنا', 'Masculin', '1969-02-02', 'ASSA', '1991-07-01', 6, '2016-12-31', '7', 8, '2014-07-01', 291, NULL, NULL, 1, 1, 1, 'Marié', 'SANS', 2, NULL, 'GENERALE', '510668', '179059', '20071941', '011650000002200000279815', 'BMCE', NULL, NULL, NULL, '1891863.jpg'),
(54, 95, 1891720, 'JF8558', 'FARAHAT JAMILA', 'فرحات  جميلة', 'Féminin', '1969-02-15', 'Tan_Tan', '1991-07-01', 7, '2013-07-03', '6', 7, '2016-07-01', 222, NULL, NULL, 1, 1, 1, 'Celibataire', 'SANS', 0, NULL, 'GENERALE', '694310', '302155', '20078625', '101650211113233593000741', 'B.P', '610894925', NULL, NULL, '1891720.jpg'),
(55, 97, 1891722, 'SH53830', 'BOUCHALGUA MOHAMED SALEM', 'بوشلك  محمد سالم', 'Masculin', '1963-12-31', 'DOUAR AFERKT GUELMIM', '1988-07-10', 9, '2009-07-10', '8', 10, '2015-07-10', 373, NULL, NULL, 1, 1, 1, 'Marié', 'SANS', 3, NULL, 'GENERALE', '659201', '267046', '20053206', '101650211113233506000374', 'B.P', NULL, NULL, NULL, '1891722.jpg'),
(56, 98, 1891864, 'JE18200', 'STAIR LAHOUCINE', 'ستاير  الحسين', 'Masculin', '1966-01-26', 'DOUAR AIT IBNI IJJA', '1991-01-01', 8, '2015-12-31', '7', 9, '2014-07-10', 305, NULL, NULL, 1, 1, 1, 'Marié', 'SANS', 1, NULL, 'GENERALE', '682232', '290078', '20069091', '230650282362721102730036', 'BMCE', NULL, NULL, NULL, '1891864.jpg'),
(57, 99, 1891723, 'JA14352', 'ESSADEK LARABAS', 'الصادق  لارباس', 'Masculin', '1968-01-01', 'GUELMIM', '1988-07-10', 9, '2000-07-01', '8', 10, '2012-07-10', 373, NULL, NULL, 1, 1, 1, 'Marié', 'SANS', 4, NULL, 'OMFAM', '439849', '216804', '20086384', '101650211113231627000182', 'B.P', NULL, NULL, NULL, '1891723.jpg'),
(58, 101, 1891724, 'J154486', 'EL AZAAR KHDIJA', 'الازعر  اخديجة', 'Féminin', '1962-04-20', 'Tan_Tan', '1988-10-01', 6, '2015-07-01', '7', 8, '2014-07-01', 291, NULL, NULL, 1, 1, 1, 'Celibataire', 'SANS', 0, NULL, 'OMFAM', '0', '339431', '20045669', '101650211113232637000751', 'B.P', NULL, NULL, NULL, '1891724.jpg'),
(59, 102, 1891725, 'JF4689', 'FAHIMI MOHAMED', 'فهيمي  محمد', 'Masculin', '1967-09-01', 'ASSA', '1991-07-01', 21, '2017-12-31', '9', 8, '2014-12-31', 382, NULL, NULL, 1, 1, 1, 'Marié', 'SANS', 3, NULL, 'OMFAM', '511773', '231797', '20072547', '101650211113232733000002', 'B.P', NULL, NULL, NULL, '1891725.jpg'),
(60, 104, 1891727, 'I245662', 'KHANOUCHI ZINEB', 'الخنوشي  زينب', 'Féminin', '1971-08-19', 'EL HAJEB', '1992-01-01', 7, '2012-07-12', '6', 6, '2012-07-12', 209, NULL, NULL, 1, 1, 1, 'Celibataire', 'SANS', 0, NULL, 'SANS', '0', '0', '20082353', '101650211113234174000283', 'B.P', NULL, NULL, NULL, '1891727.jpg'),
(61, 106, 1891865, 'JF9734', 'OUMKHOUNE LAHOUCINE', 'امخون  الحسين', 'Masculin', '1970-11-19', 'AZILAL', '1992-01-01', 7, '2011-01-01', '6', 7, '2015-07-04', 222, NULL, NULL, 1, 1, 1, 'Marié', 'SANS', 3, NULL, 'GENERALE', '683439', '291285', '20089287', '011650000002200000319003', 'BMCE', '667492964', NULL, NULL, '1891865.jpg'),
(62, 107, 1891729, 'JE9174', 'BENCHEIKH LAHOUSSAINE', 'بن الشيخ  الحسين', 'Masculin', '1964-03-23', 'AIT KARMOUNE', '1991-07-01', 5, '2019-12-31', '8', 8, '2016-12-31', 332, NULL, NULL, 1, 1, 1, 'Marié', 'SANS', 1, NULL, 'GENERALE', '695825', '303670', '20085695', '101650211113232320000968', 'B.P', NULL, NULL, NULL, '1891729.jpg'),
(63, 108, 1891730, 'CB367', 'GHAZALI SAMIRA', 'غزالي  سميرة', 'Féminin', '1961-05-31', 'SEFROU', '1991-07-01', 7, '2012-06-29', '6', 7, '2014-06-29', 222, NULL, NULL, 1, 1, 1, 'Mariée', 'SANS', 0, NULL, 'SANS', '0', '0', '20043846', '101650211113233907000896', 'B.P', NULL, NULL, NULL, '1891730.jpg'),
(64, 109, 1891731, 'JF6595', 'EZZARAA BAHIJA', 'الزراع  بهيجة', 'Féminin', '1967-12-31', 'MARAKECH', '1991-07-01', 6, '2017-12-31', '7', 8, '2017-07-01', 291, NULL, NULL, 1, 1, 1, 'Mariée', 'SANS', 1, NULL, 'OMFAM', '0', '322057', '20072543', '101650211113233911000206', 'B.P', NULL, NULL, NULL, '1891731.jpg'),
(65, 110, 1891866, 'JF5539', 'DAOUDI HASSINA', 'داودي  حسينة', 'Féminin', '1963-11-03', 'TANTAN', '1991-07-01', 12, '2017-12-31', '11', 4, '2016-07-01', 436, NULL, NULL, 1, 1, 1, 'Mariée', 'SANS', 1, NULL, 'GENERALE', '676171', '284017', '20072271', '011650000002200001192488', 'BMCE', NULL, NULL, NULL, '1891866.jpg'),
(66, 111, 1891732, 'JE5008', 'BENSETINE ABDOULLAH', 'بن  ستين  عبدالله', 'Masculin', '1963-12-31', 'TIZNIT', '1991-07-01', 7, '2012-06-28', '6', 10, '2017-07-01', 262, NULL, NULL, 1, 1, 1, 'Marié', 'SANS', 3, NULL, 'OMFAM', '0', '0', '20053137', '101650211113233179000958', 'B.P', NULL, NULL, NULL, '1891732.jpg'),
(67, 112, 1891733, 'JF8452', 'LACHGAR LAHCEN', 'لشكر  لحسن', 'Masculin', '1969-04-19', 'TANTAN', '1991-07-01', 6, '2018-12-31', '7', 9, '2017-07-01', 305, NULL, NULL, 1, 1, 1, 'Marié', 'SANS', 2, NULL, 'GENERALE', '512511', '180401', '20078721', '101650211113233119000250', 'B.P', NULL, NULL, NULL, '1891733.jpg'),
(68, 113, 1891734, 'P69857', 'EL ALLAOUI BOUJEMAA', 'العلاوي بوجمعة', 'Masculin', '1967-12-31', 'TATA', '1989-01-01', 6, '2017-12-31', '7', 8, '2015-07-01', 291, NULL, NULL, 1, 1, 1, 'Marié', 'SANS', 2, NULL, 'OMFAM', '470349', '222349', '20089476', '101650211113231893000857', 'B.P', NULL, NULL, NULL, '1891734.jpg'),
(69, 114, 1891735, 'HA10679', 'EL ALLOULI ABDERRAHIM', 'العلولي  عبدالرحيم', 'Masculin', '1964-12-31', 'BOUCHANE', '1991-07-01', 6, '2017-12-31', '7', 7, '2015-09-07', 277, NULL, NULL, 1, 1, 1, 'Marié', 'SANS', 0, NULL, 'OMFAM', '511728', '231790', '20058629', '101650211113232876000797', 'B.P', NULL, NULL, NULL, '1891735.jpg'),
(70, 116, 1891736, 'JF9123', 'CHOUIKHI MALIKA', 'شويخي  مليكة', 'Féminin', '1968-03-12', 'AGADIR', '1991-07-01', 6, '2014-07-01', '7', 8, '2013-07-01', 291, NULL, NULL, 1, 1, 1, 'Celibataire', 'SANS', 0, NULL, 'GENERALE', '659221', '267066', '20075653', '101650211113232753000529', 'B.P', NULL, NULL, NULL, '1891736.jpg'),
(71, 117, 1891737, 'JF3709', 'EL GAZZAN M\'BAREK', 'الكزان  مبارك', 'Masculin', '1967-12-31', 'TASSINT', '1991-07-01', 6, '2014-07-01', '7', 9, '2016-07-01', 305, NULL, NULL, 1, 1, 1, 'Marié', 'SANS', 3, NULL, 'GENERALE', '702153', '310000', '20072382', '101650211113232937000411', 'B.P', NULL, NULL, NULL, '1891737.jpg'),
(72, 118, 1891738, 'JF7132', 'DAOUDI EL MAHJOUB', 'الداودي  المحجوب', 'Masculin', '1968-12-31', 'TANTAN', '1991-07-01', 6, '2013-07-01', '7', 9, '2014-07-01', 305, NULL, NULL, 1, 1, 1, 'Marié', 'SANS', 1, NULL, 'SANS', '0', '0', '20075663', '101650211113232824000067', 'B.P', NULL, NULL, NULL, '1891738.jpg'),
(73, 119, 1891739, 'JB12126', 'ZERMOUT HABIBA', 'زرموت  حبيبة', 'Féminin', '1964-02-19', 'OUJDA', '1992-04-01', 7, '2005-07-01', '6', 7, '2008-07-01', 222, NULL, NULL, 1, 1, 1, 'Celibataire', 'SANS', 0, NULL, 'GENERALE', '659173', '267018', '20055033', '101650211113233844000463', 'B.P', NULL, NULL, NULL, '1891739.jpg'),
(74, 120, 1891740, 'JF2551', 'SMAKI FATIHA', 'اسماكي  فتيحة', 'Féminin', '1965-03-24', 'TAZA', '1991-07-01', 6, '2019-12-31', '7', 8, '2019-07-01', 291, NULL, NULL, 1, 1, 1, 'Mariée', 'SANS', 1, NULL, 'GENERALE', '661390', '269235', '20064382', '101650211113233866000742', 'B.P', NULL, NULL, NULL, '1891740.jpg'),
(75, 121, 1891686, 'R85504', 'BIBI MAEILAININE', 'بيبي  ماءالعينين', 'Masculin', '1965-09-20', 'OUJDA', '1990-09-29', 6, '2015-11-23', '7', 7, '2013-11-16', 277, NULL, NULL, 1, 1, 1, 'Marié', 'SANS', 0, NULL, 'OMFAM', '0', '342771', '20089294', '007650000725400030141587', 'TWB', NULL, NULL, NULL, '1891686.jpg'),
(76, 122, 1891741, 'JF12484', 'BEDOUZ SOUAD', 'بودوز  سعاد', 'Féminin', '1971-06-30', 'TANTAN', '1992-01-01', 11, '2014-07-01', '6', 7, '2014-01-01', 222, NULL, NULL, 1, 1, 1, 'Celibataire', 'SANS', 0, NULL, 'GENERALE', '53961685', '427677', '20089529', '101650211113233416000282', 'B.P', NULL, NULL, NULL, '1891741.jpg'),
(77, 123, 1891742, 'JF11988', 'BABA CHOUMAD', 'بابا  شماد', 'Masculin', '1972-06-16', 'TANTAN', '1990-09-09', 10, '2020-12-31', '7', 7, '2020-02-13', 277, NULL, NULL, 1, 1, 1, 'Marié', 'SANS', 3, NULL, 'OMFAM', '494608', '228362', '20101512', '101650211113232701000866', 'B.P', NULL, NULL, NULL, '1891742.jpg'),
(78, 124, 1891743, 'JF10324', 'MOSTEF MBARKA', 'مصطف  مباركة', 'Féminin', '1968-01-01', 'TIDRGUIT', '1990-09-29', 7, '2014-07-01', '6', 7, '2012-11-15', 222, NULL, NULL, 1, 1, 1, 'Celibataire', 'SANS', 0, NULL, 'GENERALE', '0', '0', '20101574', '101650211113232444000045', 'B.P', NULL, NULL, NULL, '1891743.jpg'),
(79, 125, 1891744, 'JF10436', 'AGRAIMBAH LAHCEN', 'اكريمبح  لحسن', 'Masculin', '1970-12-18', '  Tan_Tan', '1990-09-29', 11, '2014-07-01', '6', 5, '2012-01-01', 197, NULL, NULL, 1, 1, 1, 'Celibataire', 'SANS', 0, NULL, 'GENERALE', '53976873', '439817', '20101585', '101650211113232393000161', 'B.P', NULL, NULL, NULL, '1891744.jpg'),
(80, 126, 1891867, 'SH58678', 'AKHERRAZ NAAMA', 'اخراز  النعمة', 'Masculin', '1967-12-31', 'Tan_Tan', '1996-02-27', 10, '2017-01-01', '7', 8, '2015-02-27', 291, NULL, NULL, 1, 1, 1, 'Marié', 'SANS', 3, NULL, 'GENERALE', '675640', '283486', '20101586', '011650000002200000475949', 'BMCE', NULL, NULL, NULL, '1891867.jpg'),
(81, 127, 1891745, 'J156883', 'EL OUADOUDI LAHBIB', 'الوعدودي  الحبيب', 'Masculin', '1963-10-13', 'RABAT', '1990-09-29', 11, '2014-07-01', '6', 7, '2017-02-13', 222, NULL, NULL, 1, 1, 1, 'Celibataire', 'SANS', 0, NULL, 'GENERALE', '699403', '307248', '20101555', '230650397205121102730025', 'B.P', '610677957', NULL, NULL, '1891745.jpg'),
(82, 128, 1891746, 'SH62178', 'EBBAK MOHAMED', 'ابك  محمد', 'Masculin', '1970-11-10', '  Tan_Tan', '1990-09-29', 10, '2020-12-31', '7', 7, '2018-11-15', 277, NULL, NULL, 1, 1, 1, 'Marié', 'SANS', 3, NULL, 'OMFAM', '480616', '224837', '20101557', '101650211113232586000867', 'B.P', NULL, NULL, NULL, '1891746.jpg'),
(83, 130, 1891656, 'JF10183', 'ABSSA SID AHMED', 'عبسى  سيد احمد', 'Masculin', '1969-12-31', 'ASSA', '1990-09-29', 11, '2014-07-01', '6', 7, '2015-04-15', 222, NULL, NULL, 1, 1, 1, 'Marié', 'SANS', 4, NULL, 'OMFAM', '478059', '224452', '20101566', '225650011703987601012473', 'C.Agr', NULL, NULL, NULL, '1891656.jpg'),
(84, 131, 1891747, 'J155839', 'HRAIMA MOHAMED', 'احريم  محمد', 'Masculin', '1962-12-31', 'Tan_Tan', '1986-01-01', 6, '2017-01-01', '7', 8, '2015-07-01', 291, NULL, NULL, 1, 1, 1, 'Marié', 'SANS', 0, NULL, 'GENERALE', '635058', '242841', '20101666', '101650211113231516000560', 'B.P', NULL, NULL, NULL, '1891747.jpg'),
(85, 132, 1891748, 'J154829', 'TARAHI ALI', 'طراهي  علي', 'Masculin', '1959-12-31', 'ALI LKBLT TIZNIT', '1991-07-01', 6, '2019-12-31', '7', 7, '2017-06-29', 277, NULL, NULL, 1, 1, 1, 'Marié', 'SANS', 2, NULL, 'OMFAM', '615783', '251453', '20035104', '101650211113232399000581', 'B.P', NULL, NULL, NULL, '1891748.jpg'),
(86, 133, 1891749, 'JF10772', 'EL HAIMAR HASSANNA', 'الحيمر  حسن', 'Masculin', '1971-07-09', 'TANTAN', '1991-07-01', 6, '2017-01-01', '7', 9, '2015-07-01', 305, NULL, NULL, 1, 1, 1, 'Marié', 'SANS', 3, NULL, 'GENERALE', '511016', '179390', '20082239', '101650211113232731000250', 'B.P', NULL, NULL, NULL, '1891749.jpg'),
(87, 134, 1891750, 'JA6551', 'BOUJDID AHMED', 'بجديد  احمد', 'Masculin', '1965-12-31', 'DOUAR TISLANE', '1991-07-01', 7, '2011-06-28', '6', 8, '2017-06-28', 236, NULL, NULL, 1, 1, 1, 'Marié', 'SANS', 2, NULL, 'OMFAM', '0', '0', '20101600', '101650211115553395000636', 'B.P', NULL, NULL, NULL, '1891750.jpg'),
(88, 135, 1891751, 'P48849', 'KAISS ABDELLAH', 'كايس  عبدالله', 'Masculin', '1963-02-11', 'TAROUDANT', '1991-07-01', 22, '2011-01-01', '8', 9, '2016-07-01', 353, NULL, NULL, 1, 1, 1, 'Marié', 'SANS', 2, NULL, 'OMFAM', '511833', '231812', '20053852', '101650211113232734000945', 'B.P', NULL, NULL, NULL, '1891751.jpg'),
(89, 136, 1891869, 'JF6288', 'BAHNINE ABDELOUAHED', 'باهنين  عبدالواحد', 'Masculin', '1967-03-08', 'KASBET TADLA', '2002-08-01', 2, '2020-12-31', '10', 6, '2018-07-01', 402, NULL, NULL, 1, 1, 1, 'Marié', 'SANS', 4, NULL, 'OMFAM', '0', '0', '20101503', '007650000725500030442185', 'TWB', NULL, NULL, NULL, '1891869.jpg'),
(90, 137, 1891870, 'U73858', 'LAMLAD MOHAMMED', 'لملد  محمد', 'Masculin', '1964-06-25', 'OUJDA', '1987-07-01', 5, '2020-12-31', '8', 8, '2017-12-31', 332, NULL, NULL, 1, 1, 1, 'Marié', 'SANS', 3, NULL, 'GENERALE', '449419', '157357', '20089291', '011650000002200000329479', 'BMCE', NULL, NULL, NULL, '1891870.jpg'),
(91, 138, 1891871, 'JF4206', 'EL AMRI YAHDIH', 'العمري  يحضيه', 'Masculin', '1967-06-04', 'TANTAN', '1989-10-01', 6, '2015-11-22', '7', 7, '2015-05-01', 277, NULL, NULL, 1, 1, 1, 'Marié', 'SANS', 2, NULL, 'OMFAM', '0', '0', '20089275', '011650000002200000151193', 'BMCE', NULL, NULL, NULL, '1891871.jpg'),
(92, 139, 1891677, 'R86415', 'MAROIN YAHYA', 'مروان  يحي', 'Masculin', '1966-03-14', 'OUJDA', '1991-07-01', 7, '2014-07-01', '6', 8, '2017-06-28', 236, NULL, NULL, 1, 1, 1, 'Marié', 'SANS', 3, NULL, 'OMFAM', '0', '0', '20068888', '310650102711300631710138', 'CFP', '641792715', NULL, NULL, '1891677.jpg'),
(93, 141, 1891872, 'SJ3712', 'FAKAK FATIMA', 'فكاك  فاطمة', 'Féminin', '1967-09-08', 'GUELMIM', '1993-04-01', 7, '2014-07-01', '6', 8, '2012-01-01', 236, NULL, NULL, 1, 1, 1, 'Celibataire', 'SANS', 0, NULL, 'GENERALE', '660614', '268459', '20071140', '011650000002200000393305', 'BMCE', NULL, NULL, NULL, '1891872.jpg'),
(94, 147, 1891752, 'J138546', 'HRA NAIMA', 'هرى  نعيمة', 'Féminin', '1967-03-09', 'AGADIR', '1990-09-29', 10, '2016-01-01', '7', 8, '2015-01-01', 291, NULL, NULL, 1, 1, 1, 'Celibataire', 'SANS', 0, NULL, 'GENERALE', '634997', '242779', '20089526', '101650211113232386000059', 'B.P', NULL, NULL, NULL, '1891752.jpg'),
(95, 151, 1891753, 'JF9828', 'DRAICH EL MOUKHTAR', 'ادغيش  المختار', 'Masculin', '1968-12-31', 'TKLIT', '1992-01-01', 11, '2003-01-01', '6', 6, '2003-01-01', 209, NULL, NULL, 1, 1, 1, 'Celibataire', 'SANS', 0, NULL, 'GENERALE', '516116', '182640', '20075672', '101650211115551739000534', 'B.P', NULL, NULL, NULL, '1891753.jpg'),
(96, 152, 1891874, 'JF12618', 'SARKOUH KHATRI', 'سركوح  خطري', 'Masculin', '1969-12-31', 'Tan_Tan', '1991-01-01', 10, '2018-12-30', '7', 8, '2016-11-01', 291, NULL, NULL, 1, 1, 1, 'Marié', 'SANS', 3, NULL, 'GENERALE', '53907962', '396109', '20109745', '011650000002200000469644', 'BMCE', NULL, NULL, NULL, '1891874.jpg'),
(97, 153, 1891891, 'JF6749', 'EL GUERMEZ YAHDIH', 'الكرمز  يحظية', 'Masculin', '1968-12-31', '  Tan_Tan', '1990-09-29', 11, '2014-07-01', '6', 7, '2015-11-15', 222, NULL, NULL, 1, 1, 1, 'Marié', 'SANS', 2, NULL, 'OMFAM', '472507', '222867', '20101560', '011650000002200001129923', 'BMCE', NULL, NULL, NULL, '1891891.jpg'),
(98, 154, 1891875, 'SH55799', 'LAMSALLAK MOHAMED', 'لمسلك  محمد', 'Masculin', '1968-03-09', 'Tan_Tan', '1988-07-10', 9, '2012-07-12', '8', 9, '2014-07-10', 353, NULL, NULL, 1, 1, 1, 'Marié', 'SANS', 2, NULL, 'GENERALE', '426036', '151895', '20073529', '011650000002200000239851', 'BMCE', '661844523', NULL, NULL, '1891875.jpg'),
(99, 155, 1891876, 'JF5007', 'AJHAR MUSTAPHA', 'اجهر  مصطفى', 'Masculin', '1963-02-01', 'BENSSERGAOU', '1992-01-01', 9, '2015-11-23', '8', 8, '2015-01-01', 332, NULL, NULL, 1, 1, 1, 'Marié', 'SANS', 1, NULL, 'GENERALE', '560193', '203879', '20052948', '101650211113233433000114', 'B.P', '661281715', NULL, NULL, '1891876.jpg'),
(100, 156, 1891877, 'JF6289', 'FAKIR JAMAL', 'فاكر  جمال', 'Masculin', '1967-10-30', 'Tan_Tan', '1986-01-01', 11, '2003-06-01', '6', 8, '2009-06-01', 236, NULL, NULL, 1, 1, 1, 'Marié', 'SANS', 4, NULL, 'OMFAM', '0', '0', '20072550', '011650000002200000658503', 'BMCE', NULL, NULL, NULL, '1891877.jpg'),
(101, 157, 1891878, 'JF5553', 'BOUYARA MALAININE', 'بيرة  ماء العينين', 'Masculin', '1967-11-12', 'Tan_Tan', '1996-02-01', 10, '2017-12-31', '7', 8, '2016-02-27', 291, NULL, NULL, 1, 1, 1, 'Marié', 'SANS', 4, NULL, 'GENERALE', '670783', '278629', '20101591', '011650000002200000658794', 'BMCE', NULL, NULL, NULL, '1891878.jpg'),
(102, 158, 1891879, 'JF6858', 'CHOUIAR MOHAMMED', 'شويعر  محمد', 'Masculin', '1968-12-31', 'TAZA', '1996-02-13', 10, '2016-12-31', '7', 8, '2015-03-13', 291, NULL, NULL, 1, 1, 1, 'Marié', 'SANS', 2, NULL, 'OMFAM', '0', '0', '20101547', '011650000002200000629403', 'BMCE', NULL, NULL, NULL, '1891879.jpg'),
(103, 159, 1891880, 'JF4241', 'EZZAINE AYAD', 'الزين  عياد', 'Masculin', '1967-01-02', 'TARFAYA', '1990-09-29', 11, '2014-07-01', '6', 8, '2016-11-15', 236, NULL, NULL, 1, 1, 1, 'Marié', 'SANS', 3, NULL, 'OMFAM', '0', '0', '20101551', '011650000002200000629694', 'BMCE', NULL, NULL, NULL, '1891880.jpg'),
(104, 160, 1891881, 'J88313', 'EL GAIRAA BELLAL', 'الكيرع  بلال', 'Masculin', '1961-12-31', 'Tan_Tan', '1989-07-27', 11, '2014-07-01', '6', 9, '2013-07-27', 249, NULL, NULL, 1, 1, 1, 'Marié', 'SANS', 1, NULL, 'GENERALE', '637103', '244793', '20101513', '011650000002200000054969', 'BMCE', '670566284', NULL, NULL, '1891881.jpg'),
(105, 161, 1891754, 'J156762', 'AMARIR SALEM MAHMOUD', 'امرير  سالم محمود', 'Masculin', '1962-04-05', 'GUELMIM', '1986-05-01', 7, '2013-12-31', '6', 9, '2014-05-01', 249, NULL, NULL, 1, 1, 1, 'Marié', 'SANS', 1, NULL, 'GENERALE', '376313', '135030', '20089286', '101650211113233795000331', 'B.P', NULL, NULL, NULL, '1891754.jpg'),
(106, 162, 1891755, 'SH53522', 'EDDI MARYEM', 'ادي  مريم', 'Féminin', '1966-12-29', 'ELHAJEB', '1986-05-01', 7, '2014-07-01', '6', 8, '2011-05-01', 236, NULL, NULL, 1, 1, 1, 'Divorcée', 'SANS', 0, NULL, 'GENERALE', '364501', '134340', '20090321', '101650211113230469000408', 'B.P', NULL, NULL, NULL, '1891755.jpg'),
(107, 163, 1891756, 'JF6617', 'GARMOUNE SALEK', 'كرمون  السالك', 'Masculin', '1963-12-31', 'Tan_Tan', '2002-08-01', 11, '2014-07-01', '6', 6, '2016-08-01', 209, NULL, NULL, 1, 1, 1, 'Marié', 'SANS', 5, NULL, 'GENERALE', '695778', '303623', '20101562', '101650211115553816000715', 'B.P', '615226326', NULL, NULL, '1891756.jpg'),
(108, 164, 1891757, 'JF4238', 'EL AOMARI MOHAMED', 'العماري  محمد', 'Masculin', '1966-03-18', 'TANTAN', '1992-01-01', 10, '2020-12-31', '7', 7, '2020-01-01', 277, NULL, NULL, 1, 1, 1, 'Marié', 'SANS', 4, NULL, 'GENERALE', '620343', '228022', '20089269', '101650211113233984000466', 'B.P', NULL, NULL, NULL, '1891757.jpg'),
(109, 165, 1891882, 'SH63367', 'TAYARI SAADIA', 'الطياري  السعدية', 'Féminin', '1969-12-31', 'BENI MELLAL', '1991-01-01', 11, '2014-07-01', '6', 6, '2012-01-01', 209, NULL, NULL, 1, 1, 1, 'Celibataire', 'SANS', 0, NULL, 'SANS', '0', '0', '20089473', '011650000002200000211139', 'BMCE', NULL, NULL, NULL, '1891882.jpg'),
(110, 166, 1891883, 'JF7655', 'BOUHAJJA LATIFA', 'بوحجة  لطيفة', 'Féminin', '1966-12-01', 'Tan_Tan', '1996-04-01', 10, '2020-12-31', '7', 7, '2020-04-30', 277, NULL, NULL, 1, 1, 1, 'Celibataire', 'SANS', 0, NULL, 'GENERALE', '702212', '310059', '20101594', '011650000002200000412123', 'BMCE', NULL, NULL, NULL, '1891883.jpg'),
(111, 167, 1891884, 'JF3789', 'HARBAL AZZA', 'هربال  عزة', 'Féminin', '1965-04-29', 'Tan_Tan', '1996-04-15', 11, '2014-07-01', '6', 5, '2013-01-01', 197, NULL, NULL, 1, 1, 1, 'Celibataire', 'SANS', 0, NULL, 'OMFAM', '616509', '252181', '20101563', '011650000002200000316675', 'BMCE', NULL, NULL, NULL, '1891884.jpg'),
(112, 169, 1891885, 'JF7379', 'ZATINE MOHAMED', 'زاتن  محمد', 'Masculin', '1965-12-31', 'CHBIKA', '2002-08-01', 11, '2014-07-01', '6', 4, '2013-01-01', 185, NULL, NULL, 1, 1, 1, 'Marié', 'SANS', 0, NULL, 'GENERALE', '696156', '304001', '20101581', '011650000002200000416876', 'BMCE', NULL, NULL, NULL, '1891885.jpg'),
(113, 170, 1891759, 'JF12496', 'ROUHI HAFIDA', 'الروحي  حفيظة', 'Féminin', '1970-12-15', 'Tan_Tan', '1991-01-01', 11, '2014-07-01', '6', 6, '2013-01-01', 209, NULL, NULL, 1, 1, 1, 'Celibataire', 'SANS', 0, NULL, 'GENERALE', '642165', '250011', '20080528', '101650211113234604000216', 'B.P', '662121064', NULL, NULL, '1891759.jpg'),
(114, 175, 1891657, 'SH41041', 'BALLA BOUYA AHMED', 'بلا  بوي احمد', 'Masculin', '1965-02-01', 'Tan_Tan', '1998-10-05', 11, '2014-07-01', '6', 7, '2017-07-01', 222, NULL, NULL, 1, 1, 1, 'Marié', 'SANS', 3, NULL, 'GENERALE', '627097', '234822', '0', '225650011702457601010173', 'C.Agr', NULL, NULL, NULL, '1891657.jpg'),
(115, 179, 1891888, 'JF4590', 'ESSAKHI OMAR', 'السا خي  عمر', 'Masculin', '1967-01-03', 'Tan_Tan', '1988-04-05', 11, '2014-07-01', '6', 7, '2015-04-18', 222, NULL, NULL, 1, 1, 1, 'Marié', 'SANS', 2, NULL, 'GENERALE', '684646', '292492', '20101545', '011650000002200000658406', 'BMCE', '662899558', NULL, NULL, '1891888.jpg'),
(116, 180, 1891889, 'JF6877', 'BISMIR SGHIRA', 'بسمير  صغيرة', 'Féminin', '1966-08-01', 'AKKA', '1990-09-29', 11, '2014-07-01', '6', 7, '2017-01-01', 222, NULL, NULL, 1, 1, 1, 'Mariée', 'SANS', 1, NULL, 'OMFAM', '534314', '234902', '20101596', '011650000002200000135188', 'BMCE', NULL, NULL, NULL, '1891889.jpg'),
(117, 181, 1891762, 'JF10832', 'BOUCHAAB FALLA', 'بوشعاب  فالة', 'Féminin', '1968-01-08', 'AKKA', '1991-01-01', 11, '2014-07-01', '6', 6, '2013-01-01', 209, NULL, NULL, 1, 1, 1, 'Celibataire', 'SANS', 0, NULL, 'GENERALE', '699404', '307249', '20075573', '101650211113232743000896', 'B.P', NULL, NULL, NULL, '1891762.jpg'),
(118, 182, 1891763, 'JF11082', 'LEMSAFER RKIA', 'المسافر  رقية', 'Féminin', '1970-12-31', 'AIT LKHOUMS', '1991-01-01', 11, '2014-07-01', '6', 8, '2017-01-01', 236, NULL, NULL, 1, 1, 1, 'Celibataire', 'SANS', 0, NULL, 'GENERALE', '675255', '283101', '20080822', '101650211113233513000476', 'B.P', '691812255', NULL, NULL, '1891763.jpg'),
(119, 184, 1891765, 'JF12498', 'EDDI ABNATA', 'ادي  ابنة', 'Féminin', '1972-08-18', 'ZAGOURA', '1991-01-01', 11, '2014-07-01', '6', 7, '2014-01-01', 222, NULL, NULL, 1, 1, 1, 'Celibataire', 'SANS', 0, NULL, 'GENERALE', '674644', '282490', '20083362', '101650211113233477000866', 'B.P', '613597131', NULL, NULL, '1891765.jpg'),
(120, 185, 1891766, 'JF6711', 'BOUKYOUD ALI', 'بوكيوط  عالي', 'Masculin', '1965-01-14', 'ASSA', '1991-01-01', 3, '2016-01-01', '9', 5, '2014-01-01', 317, NULL, NULL, 1, 1, 1, 'Marié', 'SANS', 3, NULL, 'OMFAM', '431', '321951', '20089295', '101650211113234389000395', 'B.P', '626578404', NULL, NULL, '1891766.jpg'),
(121, 187, 1891768, 'J151565', 'M\'RAIZIG MAOULAININE', 'امريزيك  ماءالعينين', 'Masculin', '1963-12-31', 'Tan_Tan', '1991-01-01', 11, '2014-07-01', '6', 8, '2017-01-01', 236, NULL, NULL, 1, 1, 1, 'Marié', 'SANS', 0, NULL, 'GENERALE', '400342', '173817', '20054079', '101650211113232496000775', 'B.P', NULL, NULL, NULL, '1891768.jpg'),
(122, 188, 1891890, 'JF591', 'ZANDAGUE EL KHALIL', 'زنداك  الخليل', 'Masculin', '1966-01-17', 'SOUK LHAD TATA', '1996-03-26', 10, '2020-12-31', '7', 7, '2020-08-10', 277, NULL, NULL, 1, 1, 1, 'Celibataire', 'SANS', 0, NULL, 'GENERALE', '681582', '289428', '20101580', '011650000002200000274383', 'BMCE', NULL, NULL, NULL, '1891890.jpg'),
(123, 189, 1891659, 'JF8263', 'ZAKARI ABDESLAM', 'زكاري  عبدالسلام', 'Masculin', '1967-12-30', 'AKKA', '1990-09-29', 10, '2020-12-31', '7', 7, '2018-11-15', 277, NULL, NULL, 1, 1, 1, 'Marié', 'SANS', 4, NULL, 'GENERALE', '695822', '303667', '20101582', '225650011702619601011261', 'C.Agr', NULL, NULL, NULL, '1891659.jpg'),
(124, 190, 1891892, 'JF6905', 'BASSIT MOHAMED', 'بسيط  محمد', 'Masculin', '1968-02-20', 'TARFAYA', '1996-03-18', 10, '2020-12-31', '7', 7, '2020-08-10', 277, NULL, NULL, 1, 1, 1, 'Marié', 'SANS', 2, NULL, 'SANS', '0', '0', '20101592', '011650000002200000629597', 'BMCE', NULL, NULL, NULL, '1891892.jpg'),
(125, 191, 1891769, 'J152518', 'MIRY SALEM', 'ميري  سالم', 'Masculin', '1963-04-12', 'AGADIR', '1987-07-01', 11, '2014-07-01', '6', 7, '2015-01-01', 222, NULL, NULL, 1, 1, 1, 'Marié', 'SANS', 0, NULL, 'OMFAM', '0', '0', '20089276', '101650211116624303000559', 'B.P', NULL, NULL, NULL, '1891769.jpg'),
(126, 195, 1891770, 'JF8297', 'YOUB GHALLA', 'ايوب  غلا', 'Féminin', '1967-04-01', 'GUELMIM', '1991-07-01', 11, '2014-07-01', '6', 7, '2015-01-01', 222, NULL, NULL, 1, 1, 1, 'Celibataire', 'SANS', 0, NULL, 'GENERALE', '695803', '303648', '20073031', '101650211113232787000581', 'B.P', '672317668', NULL, NULL, '1891770.jpg'),
(127, 200, 1891662, 'JF10650', 'BOUHAMRAA LAHOUCINE', 'بوحمرا  الحسين', 'Masculin', '1971-03-24', 'TANTAN', '1997-01-02', 2, '2017-01-02', '10', 8, '2016-01-02', 456, NULL, NULL, 1, 1, 1, 'Marié', 'SANS', 0, NULL, 'OMFAM', '0', '0', '20081306', '225650011703369601011951', 'C.Agr', NULL, NULL, NULL, '1891662.jpg'),
(128, 201, 1891771, 'J157175', 'AFERIAT ZAHRA', 'افرياط  الزهرة', 'Féminin', '1965-01-10', 'DOUAR AIT AMMOU', '1987-01-01', 11, '2014-07-01', '6', 6, '2012-01-01', 209, NULL, NULL, 1, 1, 1, 'Celibataire', 'SANS', 0, NULL, 'GENERALE', '419556', '150117', '20101590', '101650211113231189000174', 'B.P', '651022040', NULL, NULL, '1891771.jpg'),
(129, 202, 1891772, 'J150202', 'CHIHANI FATIMA', 'شيهاني  فاطمة', 'Féminin', '1961-08-14', 'TETOUANE', '1990-01-01', 10, '2020-12-31', '7', 8, '2017-12-31', 291, NULL, NULL, 1, 1, 1, 'Celibataire', 'SANS', 0, NULL, 'GENERALE', '684713', '292559', '20101548', '101650211113233972000887', 'B.P', NULL, NULL, NULL, '1891772.jpg'),
(130, 203, 1891895, 'JF7978', 'EL HETE LARABASSE', 'الهيط  لارباس', 'Masculin', '1969-12-31', 'Tan_Tan', '1996-02-18', 10, '2015-11-22', '7', 8, '2015-06-05', 291, NULL, NULL, 1, 1, 1, 'Marié', 'SANS', 3, NULL, 'GENERALE', '619524', '227202', '20101559', '011650000002200000358967', 'BMCE', NULL, NULL, NULL, '1891895.jpg'),
(131, 204, 1891773, 'JF2495', 'LYAZIDI AZIZ', 'اليزيدي  عزيز', 'Masculin', '1966-05-09', 'MARRAKECH', '1996-02-27', 11, '2014-07-01', '6', 7, '2017-07-31', 222, NULL, NULL, 1, 1, 1, 'Marié', 'SANS', 2, NULL, 'GENERALE', '634623', '242405', '20101571', '101650211115550850000093', 'B.P', '647325431', NULL, NULL, '1891773.jpg'),
(132, 205, 1891896, 'J155637', 'LAHOUAR MAHMOUD', 'لحوار  محمود', 'Masculin', '1962-12-31', 'Tan_Tan', '1996-02-28', 11, '2014-07-01', '6', 7, '2017-07-30', 222, NULL, NULL, 1, 1, 1, 'Marié', 'SANS', 3, NULL, 'GENERALE', '620660', '228339', '20101570', '011650000002200000317451', 'BMCE', '651143422', NULL, NULL, '1891896.jpg'),
(133, 207, 1891897, 'JF9172', 'ABQARI ALI', 'عبقري  علي', 'Masculin', '1970-03-02', 'Tan_Tan', '1989-07-27', 11, '2014-07-01', '6', 7, '2016-09-28', 222, NULL, NULL, 1, 1, 1, 'Marié', 'SANS', 3, NULL, 'GENERALE', '53907963', '396110', '20089481', '011650000002200000657145', 'BMCE', NULL, NULL, NULL, '1891897.jpg'),
(134, 208, 1891774, 'JF9115', 'ROUTABI ABDERRAZZAK', 'الروطبي  عبدالرزاق', 'Masculin', '1969-07-15', 'Tan_Tan', '1988-04-05', 10, '2020-12-31', '7', 7, '2018-11-03', 277, NULL, NULL, 1, 1, 1, 'Marié', 'SANS', 2, NULL, 'SANS', '0', '0', '20089492', '101650211113231727000004', 'B.P', NULL, NULL, NULL, '1891774.jpg'),
(135, 209, 1891898, 'Y73600', 'RIZQI ABDESSADEK', 'رزقي  عبدالصادق', 'Masculin', '1969-12-31', 'KALAAT SRAGHNA', '1990-09-29', 11, '2014-07-01', '6', 7, '2017-07-01', 222, NULL, NULL, 1, 1, 1, 'Marié', 'SANS', 2, NULL, 'GENERALE', '531988232', '448578', '20101578', '011650000002200000386612', 'BMCE', NULL, NULL, NULL, '1891898.jpg'),
(136, 210, 1891899, 'JF10818', 'HAMMOU LAHOUCINE', 'حمو  الحسين', 'Masculin', '1971-12-31', 'TELIMZOUNE', '1990-09-29', 11, '2014-07-01', '6', 7, '2017-07-01', 222, NULL, NULL, 1, 1, 1, 'Marié', 'SANS', 3, NULL, 'GENERALE', '531A00538', '457741', '20101565', '011650000002200000250618', 'BMCE', '612995158', NULL, NULL, '1891899.jpg'),
(137, 211, 1891775, 'J144542', 'LACHGAR SALEK', 'لشكر  السالك', 'Masculin', '1962-12-31', 'LAKSABI', '1986-01-01', 11, '2014-07-01', '6', 8, '2017-09-16', 236, NULL, NULL, 1, 1, 1, 'Marié', 'SANS', 3, NULL, 'OMFAM', '0', '0', '20089488', '101650211113232430003042', 'B.P', '682014439', NULL, NULL, '1891775.jpg'),
(138, 214, 1891900, 'JF2149', 'ANAOUA MOHAMED LBACHIR', 'انوا  محمد البشير', 'Masculin', '1966-02-17', 'Tan_Tan', '1992-08-05', 11, '2014-07-01', '6', 7, '2017-11-14', 222, NULL, NULL, 1, 1, 1, 'Marié', 'SANS', 3, NULL, 'GENERALE', '675675', '283521', '20101523', '011650000002200000463921', 'BMCE', '615121263', NULL, NULL, '1891900.jpg'),
(139, 217, 1891664, 'J156253', 'AABAICHE HAMDI', 'البيش  حمدي', 'Masculin', '1965-12-31', 'TANTAN', '1986-01-01', 11, '2014-07-01', '6', 8, '2017-09-16', 236, NULL, NULL, 1, 1, 1, 'Marié', 'SANS', 1, NULL, 'GENERALE', '635080', '242851', '20089474', '225650011702618601011101', 'C.Agr', '615883079', NULL, NULL, '1891664.jpg'),
(140, 220, 1891904, 'H113874', 'MAKHLOUK ABDERRAHIM', 'مخلوق  عبدالرحيم', 'Masculin', '1963-12-31', 'DOUAR OULAD EL HACHMI', '1990-09-29', 11, '2014-07-01', '6', 7, '2017-07-01', 222, NULL, NULL, 1, 1, 1, 'Marié', 'SANS', 0, NULL, 'GENERALE', '658982', '266827', '20101577', '011650000002200000657824', 'BMCE', '681486224', NULL, NULL, '1891904.jpg'),
(141, 221, 1891665, 'JF11352', 'EL HANSALI AIADA', 'الحنصالي  عيادة', 'Féminin', '1968-01-10', 'TIZNIT', '2002-08-01', 11, '2014-07-01', '6', 6, '2016-12-15', 209, NULL, NULL, 1, 1, 1, 'Divorcée', 'SANS', 0, NULL, 'GENERALE', '687893', '295739', '0', '225650011702451601010377', 'C.Agr', NULL, NULL, NULL, '1891665.jpg'),
(142, 222, 1891778, 'JF7317', 'TAKI M\'BAREK', 'التاقي  امبارك', 'Masculin', '1969-12-31', 'TANTAN', '1988-04-05', 11, '2014-07-01', '6', 7, '2016-11-03', 222, NULL, NULL, 1, 1, 1, 'Marié', 'SANS', 1, NULL, 'OMFAM', '427520', '212730', '20089272', '101650211113234645000370', 'B.P', NULL, NULL, NULL, '1891778.jpg'),
(143, 223, 1891779, 'JF6752', 'MANNA MOHAMED M\'BAREK', 'منا  محمد امبارك', 'Masculin', '1967-12-31', 'Tan_Tan', '1988-04-05', 11, '2014-07-01', '6', 7, '2015-11-03', 222, NULL, NULL, 1, 1, 1, 'Marié', 'SANS', 3, NULL, 'GENERALE', '702215', '310062', '20115398', '101650211113231723000403', 'B.P', NULL, NULL, NULL, '1891779.jpg'),
(144, 225, 1891780, 'F299608', 'BOUNOUARA MOHAMMED', 'بونوارة  محمد', 'Masculin', '1965-06-23', 'OUJDA', '1988-04-25', 10, '2020-12-31', '7', 7, '2018-11-03', 277, NULL, NULL, 1, 1, 1, 'Celibataire', 'SANS', 0, NULL, 'GENERALE', '670208', '278054', '20089486', '101650211113231612000878', 'B.P', NULL, NULL, NULL, '1891780.jpg'),
(145, 226, 1891781, 'JF3320', 'ENNAB EZINE', 'الناب  الزين', 'Masculin', '1962-12-31', 'TANTAN', '1989-07-27', 11, '2014-07-01', '6', 7, '2017-07-01', 222, NULL, NULL, 1, 1, 1, 'Marié', 'SANS', 3, NULL, 'GENERALE', '660801', '268646', '20105856', '101650211113233459000091', 'B.P', '661661314', NULL, NULL, '1891781.jpg'),
(146, 227, 1891782, 'JF5320', 'EL KHOURCHI ABDELFATTAH', 'الخرشي  عبدالفتاح', 'Masculin', '1962-12-31', 'ASSA', '1990-09-29', 11, '2014-07-01', '6', 6, '2014-07-01', 209, NULL, NULL, 1, 1, 1, 'Marié', 'SANS', 2, NULL, 'OMFAM', '0', '0', '20101534', '101650211113232391000312', 'B.P', NULL, NULL, NULL, '1891782.jpg'),
(147, 228, 1891783, 'E347277', 'JIRANI AICHA', 'جيراني  عائسة', 'Féminin', '1968-10-10', 'MERAKECH', '1992-01-01', 6, '2020-12-30', '7', 7, '2019-10-01', 277, NULL, NULL, 1, 1, 1, 'Mariée', 'SANS', 0, NULL, 'GENERALE', '685891', '293737', '20075977', '101650211113233686000558', 'B.P', NULL, NULL, NULL, '1891783.jpg'),
(148, 230, 1891785, 'SJ3786', 'BENDOUMA RACHIDA', 'بن دومة  رشيدة', 'Féminin', '1970-04-06', 'SIDI KACEM', '1992-01-01', 11, '2014-07-01', '6', 6, '2012-01-01', 209, NULL, NULL, 1, 1, 1, 'Celibataire', 'SANS', 0, NULL, 'GENERALE', '606872', '214532', '20080494', '101650211113233378001696', 'B.P', NULL, NULL, NULL, '1891785.jpg'),
(149, 231, 1891786, 'BJ66484', 'EL KHATIRI LOUBNA', 'الخاتيري  لبنى', 'Féminin', '1965-08-12', ' RABAT', '1988-10-01', 11, '2014-07-01', '6', 7, '2017-07-01', 222, NULL, NULL, 1, 1, 1, 'Mariée', 'SANS', 0, NULL, 'OMFAM', '0', '0', '20105854', '101650211113232769000776', 'B.P', NULL, NULL, NULL, '1891786.jpg'),
(150, 233, 1891787, 'J152965', 'BOUGHARYOUNE AHMED', 'بوغريون  احمد', 'Masculin', '1963-12-31', 'TANTAN', '1986-01-01', 11, '2014-07-01', '6', 8, '2013-07-01', 236, NULL, NULL, 1, 1, 1, 'Celibataire', 'SANS', 0, NULL, 'OMFAM', '0', '342466', '20090318', '101650211111075247000423', 'B.P', '659095418', NULL, NULL, '1891787.jpg'),
(151, 234, 1891788, 'J135721', 'EL FAL KALTOUMA', 'الفال  كلثومة', 'Féminin', '1963-12-31', 'TIZNIT', '1986-01-01', 11, '2014-07-01', '6', 6, '2013-01-01', 209, NULL, NULL, 1, 1, 1, 'Celibataire', 'SANS', 0, NULL, 'GENERALE', '653477', '261322', '20089279', '101650211113230268000791', 'B.P', NULL, NULL, NULL, '1891788.jpg'),
(152, 239, 1891667, 'JF3609', 'BOUJNEN EL HAJ MOHAMED', 'بوجنان  الحاج محمد', 'Masculin', '1967-03-29', 'ALGER_RABAT', '1987-07-01', 11, '2014-07-01', '6', 8, '2017-10-01', 236, NULL, NULL, 1, 1, 1, 'Marié', 'SANS', 0, NULL, 'SANS', '0', '0', '0', '225650011703727601010837', 'C.Agr', '623292129', NULL, NULL, '1891667.jpg'),
(153, 245, 1891681, 'JF10073', 'DAOUDI MAHJOUBA', 'داودي  محجوبة', 'Féminin', '1971-02-26', 'TANTAN', '1991-07-01', 7, '2014-07-01', '6', 5, '2011-10-01', 197, NULL, NULL, 1, 1, 1, 'Celibataire', 'SANS', 0, NULL, 'GENERALE', '696193', '304038', '20082198', '143430211113233393000978', 'CFQ.B.P laayoune', NULL, NULL, NULL, '1891681.jpg'),
(154, 246, 1891790, 'SH30611', 'ANJAY FATIMA', 'انجاي  فاطمة', 'Féminin', '1962-02-12', 'GUELMIM', '1986-01-01', 11, '2014-07-01', '6', 6, '2012-09-16', 209, NULL, NULL, 1, 1, 1, 'Celibataire', 'SANS', 0, NULL, 'GENERALE', '661351', '269196', '20089490', '101650211113231649000558', 'B.P', NULL, NULL, NULL, '1891790.jpg');
INSERT INTO `agents` (`id_agent`, `mat`, `ppr`, `cin`, `nom_fr`, `nom_ar`, `sexe`, `date_naiss`, `lieu_naiss`, `date_rec`, `id_grade`, `date_grade`, `echelle`, `echellon`, `date_echellon`, `indice`, `date_position`, `lieu_position`, `id_fonction`, `id_bureau`, `id_position`, `situation_fam`, `fonction_cj`, `nbr_enfant`, `aos`, `aff_mutuelle`, `immatriculation`, `n_affilation`, `aff_cmr`, `rib`, `agence`, `tel`, `adresse_fr`, `adresse_ar`, `photo`) VALUES
(155, 247, 1891791, 'JF5155', 'FARFAR MOHAMED', 'فرفار  محمد', 'Masculin', '1964-12-31', 'CHICHAOUA', '1987-07-27', 11, '2014-07-01', '6', 7, '2016-09-28', 222, NULL, NULL, 1, 1, 1, 'Celibataire', 'SANS', 0, NULL, 'OMFAM', '463482', '221717', '20089277', '101650211113233120000902', 'B.P', '641851862', NULL, NULL, '1891791.jpg'),
(156, 248, 1891792, 'JF8166', 'EL MAANAOUI FATMA', 'المعناوي  فاطمة', 'Féminin', '1969-04-10', 'GUELMIM', '1992-01-01', 11, '2014-07-01', '6', 7, '2012-01-01', 222, NULL, NULL, 1, 1, 1, 'Celibataire', 'SANS', 0, NULL, 'OMFAM', '642571', '278428', '20078551', '101650211113233385000925', 'B.P', NULL, NULL, NULL, '1891792.jpg'),
(157, 249, 1891793, 'JF3893', 'BENCHEIKH MOHAMED', 'بن الشيخ  محمد', 'Masculin', '1967-12-31', 'TAZA', '1989-07-27', 11, '2014-07-01', '6', 7, '2016-09-28', 222, NULL, NULL, 1, 1, 1, 'Marié', 'SANS', 2, NULL, 'OMFAM', '448106', '218234', '20089475', '101650211113233739000291', 'B.P', '669012593', NULL, NULL, '1891793.jpg'),
(158, 250, 1891794, 'JF10315', 'BOUCHAAB SAIDA', 'بوشعاب  سعيدة', 'Féminin', '1970-07-07', 'Tan_Tan', '1992-05-08', 11, '2014-07-01', '6', 4, '2012-01-01', 185, NULL, NULL, 1, 1, 1, 'Celibataire', 'SANS', 0, NULL, 'GENERALE', '516017', '182459', '20101599', '101650211113233305000660', 'B.P', NULL, NULL, NULL, '1891794.jpg'),
(159, 251, 1891907, 'OD14140', 'NAHI AZIZ', 'ناهي  عزيز', 'Masculin', '1972-07-04', 'CASABLANCA', '1992-08-05', 10, '2020-12-31', '7', 7, '2020-12-01', 277, NULL, NULL, 1, 1, 1, 'Marié', 'SANS', 0, NULL, 'OMFAM', '0', '0', '20105855', '011650000002200000261967', 'BMCE', NULL, NULL, NULL, '1891907.jpg'),
(160, 252, 1891908, 'Y72731', 'EL AMRANI MUSTAPHA', 'العمراني  المصطفى', 'Masculin', '1968-12-31', 'KALATE SRAGHNA', '1989-07-27', 11, '2014-07-01', '6', 7, '2016-09-28', 222, NULL, NULL, 1, 1, 1, 'Marié', 'SANS', 1, NULL, 'OMFAM', '0', '0', '20090092', '011650000002200000400968', 'BMCE', NULL, NULL, NULL, '1891908.jpg'),
(161, 256, 1891911, 'SH37204', 'JAAFARI MOHAMED', 'جعفري  محمد', 'Masculin', '1964-06-03', 'Tan_Tan', '1989-07-27', 11, '2014-07-01', '6', 7, '2017-04-14', 222, NULL, NULL, 1, 1, 1, 'Marié', 'SANS', 3, NULL, 'SANS', '0', '0', '20101521', '011650000002200000659958', 'BMCE', NULL, NULL, NULL, '1891911.jpg'),
(162, 257, 1891668, 'JA10633', 'AYOUB ALI', 'ايوب  عالي', 'Masculin', '1966-12-31', 'ASSA', '1990-09-29', 11, '2014-07-01', '6', 7, '2017-07-01', 222, NULL, NULL, 1, 1, 1, 'Marié', 'SANS', 2, NULL, 'OMFAM', '497720', '229384', '20101509', '225650011702769601011981', 'C.Agr', '618237606', NULL, NULL, '1891668.jpg'),
(163, 258, 1891912, 'J153433', 'JAAFARI AHMED', 'جعفري  احمد', 'Masculin', '1961-07-02', 'Tan_Tan', '1988-04-05', 11, '2014-07-01', '6', 7, '2017-01-01', 222, NULL, NULL, 1, 1, 1, 'Marié', 'SANS', 0, NULL, 'GENERALE', '53958865', '425312', '20101527', '011650000002200000478180', 'BMCE', NULL, NULL, NULL, '1891912.jpg'),
(164, 259, 1891913, 'GM13834', 'CHAOUI AHMED', 'الشاوي  احمد', 'Masculin', '1965-12-31', 'DOUAR AKDOUMA EL OULIA', '1990-09-29', 11, '2014-07-01', '6', 7, '2017-07-01', 222, NULL, NULL, 1, 1, 1, 'Marié', 'SANS', 3, NULL, 'OMFAM', '0', '0', '20101536', '011650000002200000528717', 'BMCE', '611999375', NULL, NULL, '1891913.jpg'),
(165, 261, 1891914, 'JA33737', 'LAKTIF ALI', 'الكتيف  علي', 'Masculin', '1970-04-04', 'AAOUINT AIT OUSSA', '1992-01-01', 11, '2014-07-01', '6', 7, '2017-07-01', 222, NULL, NULL, 1, 1, 1, 'Marié', 'SANS', 2, NULL, 'GENERALE', '0', '0', '20101524', '011650000002200000630082', 'BMCE', NULL, NULL, NULL, '1891914.jpg'),
(166, 265, 1891669, 'JF8570', 'FARFAR ABDELAAZIZ', 'فرفار  عبدالعزيز', 'Masculin', '1966-12-31', 'CHICHAOUA', '1988-04-05', 11, '2014-07-01', '6', 8, '2018-11-03', 236, NULL, NULL, 1, 1, 1, 'Marié', 'SANS', 3, NULL, 'GENERALE', '653506', '261351', '20089284', '225650011702620601011809', 'C.Agr', '623282077', NULL, NULL, '1891669.jpg'),
(167, 266, 1891670, 'JF1883', 'LAKHLAIFI LAHOUCINE', 'الخليفي  الحسين', 'Masculin', '1965-06-22', 'GUELMIM', '1986-01-01', 11, '2014-07-01', '6', 7, '2015-01-01', 222, NULL, NULL, 1, 1, 1, 'Marié', 'SANS', 1, NULL, 'OMFAM', '0', '0', '20089282', '225650011702401601010234', 'C.Agr', '651951050', NULL, NULL, '1891670.jpg'),
(168, 267, 1891795, 'SH47673', 'AMZOUZ EL HANAFI', 'امزوز  الحنفي', 'Masculin', '1966-05-15', 'SIDI IFNI', '1990-09-29', 11, '2014-07-01', '6', 7, '2017-07-01', 222, NULL, NULL, 1, 1, 1, 'Marié', 'SANS', 1, NULL, 'GENERALE', '692509', '300355', '20101520', '101650211113232995000397', 'B.P', '636245325', NULL, NULL, '1891795.jpg'),
(169, 269, 1891796, 'JF472', 'BOUIMSILN LAHOUCINE', 'بويمسلين  الحسين', 'Masculin', '1966-12-31', 'AMTOUGGA', '1990-09-29', 11, '2014-07-01', '6', 7, '2017-07-01', 222, NULL, NULL, 1, 1, 1, 'Marié', 'SANS', 2, NULL, 'OMFAM', '480562', '224816', '20101533', '101650212163232587003824', 'B.P', '661649619', NULL, NULL, '1891796.jpg'),
(170, 271, 1891798, 'JF7310', 'ALAKTIF FALE', 'الكتيف  فال', 'Masculin', '1968-12-31', 'TANTAN', '1990-09-29', 11, '2014-07-01', '6', 4, '2012-01-01', 185, NULL, NULL, 1, 1, 1, 'Celibataire', 'SANS', 0, NULL, 'SANS', '0', '0', '20101584', '101650211113233297000682', 'B.P', '641815268', NULL, NULL, '1891798.jpg'),
(171, 272, 1891799, 'SH49060', 'AOUTLOUK MOHAMED', 'اوتلوك  محمد', 'Masculin', '1965-08-03', 'DOUAR AHEL LAFKIR ID ABDALLAH OUBRAHIM', '1990-09-29', 11, '2014-07-01', '6', 7, '2017-07-01', 222, NULL, NULL, 1, 1, 1, 'Marié', 'SANS', 3, NULL, 'OMFAM', '0', '0', '20104232', '101650211113234424000032', 'B.P', '671757568', NULL, NULL, '1891799.jpg'),
(172, 273, 1891800, 'JF7406', 'TOUTAI EL HASSAN', 'التوتاي  الحسن', 'Masculin', '1969-02-05', 'KHANG LHMAM', '1989-07-27', 11, '2014-07-01', '6', 7, '2017-07-01', 222, NULL, NULL, 1, 1, 1, 'Marié', 'SANS', 3, NULL, 'OMFAM', '0', '0', '20101579', '101650211113234245000791', 'B.P', NULL, NULL, NULL, '1891800.jpg'),
(173, 274, 1891801, 'JF12940', 'EL GARRAB MOHAMMAD', 'الكراب  محماد', 'Masculin', '1972-12-31', 'FATOUAKA', '1992-05-08', 11, '2014-07-01', '6', 8, '2017-07-01', 236, NULL, NULL, 1, 1, 1, 'Marié', 'SANS', 3, NULL, 'GENERALE', '660068', '267913', '20101525', '101650211113233391000181', 'B.P', NULL, NULL, NULL, '1891801.jpg'),
(174, 276, 1891803, 'H172749', 'BELFEDIL KHALIL', 'بلفضيل  خليل', 'Masculin', '1967-04-24', 'SAFI', '1989-07-27', 11, '2014-07-01', '6', 6, '2016-01-01', 209, NULL, NULL, 1, 1, 1, 'Marié', 'SANS', 1, NULL, 'OMFAM', '0', '0', '20101526', '101650211113234510000523', 'B.P', NULL, NULL, NULL, '1891803.jpg'),
(175, 277, 1891804, 'JF6097', 'HOUMANI ABDNBI', 'حوماني  عبدالنبي', 'Masculin', '1965-12-31', 'CHICHAOUA', '1989-07-27', 11, '2014-07-01', '6', 7, '2016-09-28', 222, NULL, NULL, 1, 1, 1, 'Marié', 'SANS', 0, NULL, 'OMFAM', '0', '0', '20089478', '101650211113233278000904', 'B.P', NULL, NULL, NULL, '1891804.jpg'),
(176, 278, 1891805, 'EB11112', 'FAHMI LAHCEN', 'فهمي  لحسن', 'Masculin', '1966-12-31', 'MARAKECH', '1989-07-27', 11, '2014-07-01', '6', 7, '2016-09-28', 222, NULL, NULL, 1, 1, 1, 'Marié', 'SANS', 2, NULL, 'GENERALE', '660960', '268805', '20089281', '101650211113234589000136', 'B.P', NULL, NULL, NULL, '1891805.jpg'),
(177, 280, 1891918, 'JF15209', 'M\'BARKINOU ESSALKA', 'امباركينو  السالكة', 'Féminin', '1965-05-02', 'MARAKECH', '2002-08-01', 11, '2014-07-01', '6', 6, '2016-12-15', 209, NULL, NULL, 1, 1, 1, 'Mariée', 'SANS', 1, NULL, 'GENERALE', '694247', '302092', '0', '011650000002200000569942', 'BMCE', NULL, NULL, NULL, '1891918.jpg'),
(178, 281, 1891807, 'JF27175', 'KADIRI MOHAMED', 'قديري  محمد', 'Masculin', '1978-12-31', 'AZILAL', '2003-02-02', 11, '2014-07-01', '6', 6, '2017-01-02', 209, NULL, NULL, 1, 1, 1, 'Celibataire', 'SANS', 0, NULL, 'GENERALE', '687776', '295622', '0', '101650211119562232000069', 'B.P', NULL, NULL, NULL, '1891807.jpg'),
(179, 282, 1891919, 'JF20552', 'BOULON ABDELKHALEK', 'بولون  عبدالخالق', 'Masculin', '1976-12-16', 'TANTAN', '2003-01-01', 11, '2014-07-01', '6', 4, '2013-01-02', 185, NULL, NULL, 1, 1, 1, 'Marié', 'SANS', 4, NULL, 'GENERALE', '694248', '302093', '0', '011650000002200000424927', 'BMCE', NULL, NULL, NULL, '1891919.jpg'),
(180, 283, 1891808, 'JF24018', 'DAOUD GHLANA', 'داود  غلانة', 'Féminin', '1975-05-15', 'TANTAN', '2003-01-01', 11, '2014-07-01', '6', 6, '2015-03-02', 209, NULL, NULL, 1, 1, 1, 'Celibataire', 'SANS', 1, NULL, 'GENERALE', '688046', '295892', '0', '101650211115553747000153', 'B.P', NULL, NULL, NULL, '1891808.jpg'),
(181, 284, 1891920, 'JF28999', 'ZANDAG LYAZID', 'زنداك  اليزيد', 'Masculin', '1982-11-25', 'TANTAN', '2003-02-01', 11, '2014-07-01', '6', 6, '2017-03-02', 209, NULL, NULL, 1, 1, 1, 'Marié', 'SANS', 0, NULL, 'GENERALE', '694257', '302102', '0', '011650000002200000584977', 'BMCE', NULL, NULL, NULL, '1891920.jpg'),
(182, 285, 1891671, 'JF20703', 'BERHIL MAHJOUBA', 'برهيل  محجؤبة', 'Féminin', '1975-12-31', 'TANTAN', '2003-01-01', 11, '2014-07-01', '6', 6, '2017-03-02', 209, NULL, NULL, 1, 1, 1, 'Mariée', 'SANS', 4, NULL, 'GENERALE', '687609', '295455', '0', '225650011702965601010652', 'C.Agr', NULL, NULL, NULL, '1891671.jpg'),
(183, 288, 1891810, 'JF6012', 'AKARKOR ALI SALEM', 'اكركور  اعلي سالم', 'Masculin', '1968-12-31', 'TANTAN', '2003-01-01', 3, '2015-11-23', '9', 6, '2016-01-01', 339, NULL, NULL, 1, 1, 1, 'Marié', 'SANS', 3, NULL, 'GENERALE', '687675', '295521', '0', '101650211113232205001745', 'B.P', NULL, NULL, NULL, '1891810.jpg'),
(184, 289, 1891921, 'J153246', 'BOUFRI BRAHIM', 'بوفري  ابراهيم', 'Masculin', '1962-10-22', 'LAKSABI', '2002-08-01', 11, '2014-07-01', '6', 6, '2016-12-15', 209, NULL, NULL, 1, 1, 1, 'Marié', 'SANS', 2, NULL, 'GENERALE', '687820', '295666', '0', '011650000002200000617957', 'BMCE', '673907714', NULL, NULL, '1891921.jpg'),
(185, 290, 294178, 'PB7592', 'ALLAOUI ABDELKRIM', 'علاوي  عبدالكريم', 'Masculin', '1961-02-28', 'ERRACHIDIA', '2001-01-01', 11, '2014-07-01', '6', 5, '2013-08-15', 197, NULL, NULL, 1, 1, 1, 'Marié', 'SANS', 1, NULL, 'SANS', '0', '0', '0', '011650000002200000658988', 'BMCE', NULL, NULL, NULL, '294178.jpg'),
(186, 291, 1891672, 'JF6205', 'LAFNAGAR MALIKA', 'لفناكر  مليكة', 'Féminin', '1967-12-31', 'TANTAN', '2003-08-01', 11, '2014-07-01', '6', 6, '2016-12-15', 209, NULL, NULL, 1, 1, 1, 'Celibataire', 'SANS', 0, NULL, 'GENERALE', '687885', '295731', '0', '225650011703109601011673', 'C.Agr', NULL, NULL, NULL, '1891672.jpg'),
(187, 292, 1891923, 'JF13032', 'AALLAL MESAOUDA', 'علال  مسعودة', 'Féminin', '1965-12-31', 'TIZNIT', '2003-08-01', 11, '2014-07-01', '6', 6, '2016-12-15', 209, NULL, NULL, 1, 1, 1, 'Mariée', 'SANS', 0, NULL, 'GENERALE', '687708', '295554', '0', '011650000002200000581388', 'BMCE', NULL, NULL, NULL, '1891923.jpg'),
(188, 293, 1891811, 'JF10360', 'LAMAYLAH HASANA', 'لميلح  حسن', 'Masculin', '1969-12-31', 'Zini  Tan_Tan', '1990-09-29', 11, '2014-07-01', '6', 7, '2017-07-01', 222, NULL, NULL, 1, 1, 1, 'Marié', 'SANS', 5, NULL, 'OMFAM', '472684', '222898', '20101569', '101650211113232396000856', 'B.P', '664667725', NULL, NULL, '1891811.jpg'),
(189, 294, 1891924, 'JF4955', 'MOUHSSIN LAHOUCINE', 'محسين  الحسين', 'Masculin', '1967-05-16', 'AKKA', '1996-03-18', 9, '2019-12-31', '8', 8, '2018-03-13', 332, NULL, NULL, 1, 1, 1, 'Marié', 'SANS', 2, NULL, 'GENERALE', '635059', '242842', '20101575', '011650000002200000564801', 'BMCE', NULL, NULL, NULL, '1891924.jpg'),
(190, 296, 1891678, 'N58673', 'AMETHQAL SAIDA', 'امثقال  سعيدة', 'Féminin', '1965-02-12', 'Essaouira', '1992-05-08', 11, '2014-07-01', '6', 8, '2017-12-04', 236, NULL, NULL, 1, 1, 1, 'Celibataire', 'SANS', 0, NULL, 'OMFAM', '0', '0', '20101589', '310650102711800620680146', 'CFP', NULL, NULL, NULL, '1891678.jpg'),
(191, 297, 1891925, 'JA52961', 'CHEKRAD SAID', 'شكراد سعيد', 'Masculin', '1974-08-09', 'Rabat', '2001-06-01', 20, '2015-12-31', '10', 7, '2017-07-22', 428, NULL, NULL, 1, 1, 1, 'Marié', 'SANS', 3, NULL, 'OMFAM', '0', '0', '20115397', '011650000002200001130408', 'BMCE', NULL, NULL, NULL, '1891925.jpg'),
(192, 298, 1891673, 'JA4138', 'LANSSARI M\'BARK', 'الانصاري  مبارك', 'Masculin', '1966-12-31', 'GUELMIM', '1991-07-22', 2, '2013-07-01', '10', 9, '2014-07-22', 484, NULL, NULL, 1, 1, 1, 'Marié', 'SANS', 1, NULL, 'GENERALE', '480263', '167097', '20068842', '225650011702593601012048', 'C.Agr', NULL, NULL, NULL, '1891673.jpg'),
(193, 299, 1891812, 'JF7838', 'ZAFAFI SAID', 'زفافي سعيد', 'Masculin', '1968-11-15', 'RAS TAREF', '2003-11-01', 12, '2012-12-31', '11', 9, '2016-12-31', 610, NULL, NULL, 1, 1, 1, 'Marié', 'SANS', 3, NULL, 'OMFAM', '0', '321832', '20109759', '101650211115553707000942', 'B.P', NULL, NULL, NULL, '1891812.jpg'),
(194, 301, 1891813, 'UB19842', 'AALLOU SAID', 'علو  سعيد', 'Masculin', '1973-12-31', 'AMOUGAR', '2002-08-01', 11, '2014-07-01', '6', 4, '2012-08-01', 185, NULL, NULL, 1, 1, 1, 'Marié', 'SANS', 2, NULL, 'GENERALE', '688595', '296441', '0', '101650211115551931000103', 'B.P', '661723096', NULL, NULL, '1891813.jpg'),
(195, 302, 1891926, 'JF10056', 'EL AALAOUI ABDELLAH', 'العلوي  عبدالله', 'Masculin', '1970-01-01', 'TANTAN', '1998-10-05', 11, '2014-07-01', '6', 7, '2013-07-05', 222, NULL, NULL, 1, 1, 1, 'Marié', 'SANS', 1, NULL, 'GENERALE', '0', '252602', '0', '011650000002200000404072', 'BMCE', '671612776', NULL, NULL, '1891926.jpg'),
(196, 303, 1891927, 'JF4255', 'OUARDY MINA', 'مينة  وردي', 'Féminin', '1964-05-25', 'AGADIR', '1998-10-05', 11, '2014-07-01', '6', 7, '2017-07-05', 222, NULL, NULL, 1, 1, 1, 'Celibataire', 'SANS', 0, NULL, 'OMFAM', '0', '0', '0', '011650000002200000546177', 'BMCE', NULL, NULL, NULL, '1891927.jpg'),
(197, 304, 1891928, 'JF10597', 'AMINE IZZANA', 'امين  ايزانة', 'Féminin', '1966-11-21', 'Tan_Tan', '1998-10-05', 11, '2014-07-01', '6', 5, '2012-10-05', 197, NULL, NULL, 1, 1, 1, 'Celibataire', 'SANS', 0, NULL, 'SANS', '0', '0', '0', '011650000002200000396797', 'BMCE', NULL, NULL, NULL, '1891928.jpg'),
(198, 305, 1891929, 'JF4830', 'CHAKHCHE MAHJOUBA', 'شاخش  محجوبة', 'Féminin', '1966-03-05', 'OUJDA', '1998-10-05', 11, '2014-07-01', '6', 6, '2014-07-05', 209, NULL, NULL, 1, 1, 1, 'Divorcée', 'SANS', 0, NULL, 'GENERALE', '639995', '247766', '0', '011650000002200000410086', 'BMCE', NULL, NULL, NULL, '1891929.jpg'),
(199, 309, 1891816, 'JF5142', 'El HADI LAHBIB', 'الهادي الحبيب', 'Masculin', '1967-07-02', 'GUELMIM', '2002-06-02', 17, '2018-01-01', 'H*E', 1, '2018-01-01', 704, NULL, NULL, 1, 1, 1, 'Marié', 'SANS', 3, NULL, 'OMFAM', '0', '323348', '20109761', '101650211115550901002596', 'B.P', NULL, NULL, NULL, '1891816.jpg'),
(200, 310, 1891930, 'jf10092', 'AMARA OUM SAAD', 'أم السعد أعمارة', 'Féminin', '1968-01-09', 'TAN TAN', '2002-06-02', 12, '2011-05-19', '11', 7, '2011-05-19', 542, NULL, NULL, 1, 1, 1, 'Celibataire', 'SANS', 0, NULL, 'OMFAM', '0', '342468', '20109758', '011650000002200000733387', 'BMCE', NULL, NULL, NULL, '1891930.jpg'),
(201, 311, 1891817, 'JF4577', 'SARKOUH EL HASSAN', 'سركوح الحسان', 'Masculin', '1967-12-31', 'LAMSAID', '2002-06-02', 17, '2016-01-01', 'H*E', 1, '2016-01-01', 704, NULL, NULL, 1, 1, 1, 'Marié', 'SANS', 4, NULL, 'OMFAM', '0', '322883', '20109760', '101650211115552689000395', 'B.P', NULL, NULL, NULL, '1891817.jpg'),
(202, 312, 1891818, 'JA28260', 'BAAJALA NAFAA', 'بعجلة النفاع ', 'Masculin', '1970-12-31', 'OUAAROUNE GOULMIM', '1999-05-17', 17, '2011-05-02', 'H*E', 1, '2016-07-02', 704, NULL, NULL, 1, 1, 1, 'Marié', 'SANS', 5, NULL, 'GENERALE', '531', '301416', '20096055', '101650211117176848000735', 'B.P', NULL, NULL, NULL, '1891818.jpg'),
(203, 314, 1891931, 'JF26405', 'ETTAHAR BOUCHAAB', 'الطاهر بوشعاب', 'Masculin', '1980-12-31', NULL, NULL, 11, '2014-07-01', '6', 4, '2012-12-02', 185, NULL, NULL, 1, 1, 1, 'Celibataire', 'SANS', 0, NULL, 'SANS', '0', '0', '0', '011650000002200000228308', 'BMCE', NULL, NULL, NULL, '1891931.jpg'),
(204, 315, 1891819, 'SH114459', 'BOUFOUS M\'BARKA ', 'بوفوس امباركة', 'Féminin', '1982-04-21', 'TAN-TAN', '2013-01-02', 21, '2019-12-31', '9', 4, '2019-01-02', 296, NULL, NULL, 1, 1, 1, 'Celibataire', 'SANS', 0, NULL, 'GENERALE', '53961676', '427665', '0', '101650211118231180000555', 'B.P', NULL, NULL, NULL, '1891819.jpg'),
(205, 316, 1891932, 'JF26848', 'TOUHAMI AZEDDINE ', 'عز الدين تهامي ', 'Masculin', '1979-04-02', 'YOUSSOUFIA', '2013-01-02', 22, '2013-01-02', '8', 4, '2017-01-02', 259, NULL, NULL, 1, 1, 1, 'Marié', 'SANS', 3, NULL, 'GENERALE', '53961690', '427670', '0', '011650000002200000928066', 'BMCE', NULL, NULL, NULL, '1891932.jpg'),
(206, 318, 1891933, 'JF23802', 'HADI ABDELOUAHAB ', 'عبد الوهاب هادي', 'Masculin', '1977-11-28', 'TAN-TAN', '2013-02-01', 21, '2020-12-31', '9', 4, '2019-01-02', 296, NULL, NULL, 1, 1, 1, 'Marié', 'SANS', 2, NULL, 'GENERALE', '53961675', '427664', '0', '011650000003200000032318', 'BMCE', NULL, NULL, NULL, '1891933.jpg'),
(207, 319, 1891934, 'SH135821', 'BOUSTA MOHAMED FADEL ', 'محمد فاظل بوستة', 'Masculin', '1987-06-01', 'TAN-TAN', '2013-02-01', 22, '2013-01-02', '8', 4, '2017-01-02', 259, NULL, NULL, 1, 1, 1, 'Marié', 'SANS', 0, NULL, 'GENERALE', '53961679', '427667', '0', '011650000002200001106352', 'BMCE', '638918165', NULL, NULL, '1891934.jpg'),
(208, 321, 1891674, 'JF31747', 'BRAIHA ALLAL ', 'علال بريهة ', 'Masculin', '1984-02-20', 'TAN-TAN', '2013-01-02', 2, '2019-12-31', '10', 4, '2019-01-02', 351, NULL, NULL, 1, 1, 1, 'Celibataire', 'SANS', 0, NULL, 'GENERALE', '53961682', '427676', '0', '225650011704021601011996', 'C.Agr', NULL, NULL, NULL, '1891674.jpg'),
(209, 323, 1891820, 'JF32207', 'MARHRAOUI HANANE ', 'حنان مغراوي', 'Féminin', '1984-02-14', 'DOUAR KETAMA ARBAOUA', '2013-01-02', 3, '2019-12-31', '9', 4, '2019-01-02', 296, NULL, NULL, 1, 1, 1, 'Celibataire', 'SANS', 0, NULL, 'GENERALE', '53961684', '427675', '0', '007650000725200030441424', 'B.P', NULL, NULL, NULL, '1891820.jpg'),
(210, 325, 1891821, 'JF36187', 'DAHMANI CHERIFA ', 'شريفة الدحماني ', 'Féminin', '1986-12-05', 'LAMJAARA OUAZZANE', '2013-01-02', 3, '2020-12-31', '9', 4, '2019-01-02', 296, NULL, NULL, 1, 1, 1, 'Celibataire', 'SANS', 0, NULL, 'GENERALE', '53961671', '427660', '0', '101650211118413384000305', 'B.P', NULL, NULL, NULL, '1891821.jpg'),
(211, 326, 1891822, 'JF31203', 'CHAMMAR ZINE ELAABIDINE ', 'زين العابدين شمار ', 'Masculin', '1984-07-22', 'TAN-TAN', '2013-01-02', 4, '2013-01-02', '8', 4, '2017-01-02', 259, NULL, NULL, 1, 1, 1, 'Celibataire', 'SANS', 0, NULL, 'GENERALE', '53961672', '427659', '0', '101650211114204095000088', 'B.P', NULL, NULL, NULL, '1891822.jpg'),
(212, 327, 1891682, 'JF30800', 'AIT ZAOUIT ABDELLAH ', 'عبد الله ايت زويت', 'Masculin', '1982-12-07', 'DOUAR TIZGI', '2013-01-02', 6, '2020-12-31', '7', 4, '2020-01-02', 225, NULL, NULL, 1, 1, 1, 'Marié', 'SANS', 3, NULL, 'GENERALE', '53961689', '427669', '0', '350810000000000505892615', 'CFR.Albarid Bank', NULL, NULL, NULL, '1891682.jpg'),
(213, 328, 1891935, 'JF22692', 'KOURAICHI ALI ', 'علي قريشي', 'Masculin', '1976-07-07', 'TAN-TAN', '2013-01-02', 6, '2020-12-31', '7', 4, '2020-01-02', 225, NULL, NULL, 1, 1, 1, 'Celibataire', 'SANS', 0, NULL, 'GENERALE', '53961670', '427661', '0', '01165000000220000115747', 'BMCE', NULL, NULL, NULL, '1891935.jpg'),
(214, 329, 1891936, 'JF32561', 'ABDELLA SFIA ', 'صفية عبدلا', 'Féminin', '1982-12-23', 'DOUAR TABOUNT', '2013-01-02', 7, '2014-07-01', '6', 3, '2016-01-02', 173, NULL, NULL, 1, 1, 1, 'Mariée', 'SANS', 0, NULL, 'GENERALE', '53959065', '425435', '0', '011650000002200001103927', 'BMCE', '655956892', NULL, NULL, '1891936.jpg'),
(215, 330, 1891823, 'JF23305', 'FOULIL RACHID ', 'رشيد فيليل', 'Masculin', '1978-07-10', 'OUDINT SBOUYA', '2013-01-02', 7, '2014-07-01', '6', 3, '2016-01-02', 173, NULL, NULL, 1, 1, 1, 'Marié', 'SANS', 0, NULL, 'GENERALE', '53961688', '427673', '0', '101650211115553936000288', 'B.P', NULL, NULL, NULL, '1891823.jpg'),
(216, 331, 1891675, 'JF36591', 'MBARKINOU LATIFA', 'لطيفة امباركينو', 'Féminin', '1986-04-03', 'TAN-TAN', '2013-01-02', 6, '2020-12-31', '7', 4, '2020-01-02', 225, NULL, NULL, 1, 1, 1, 'Celibataire', 'SANS', 0, NULL, 'GENERALE', '53961669', '427662', '0', '225650011704019601010706', 'C.Agr', NULL, NULL, NULL, '1891675.jpg'),
(217, 332, 1891687, 'JF25970', 'ZAGRAR MOHAMED AHMED ', 'محمد أحمد زكرار', 'Masculin', '1980-09-21', 'DOUAR ASSA', '2013-01-02', 10, '2020-12-31', '7', 4, '2020-01-02', 225, NULL, NULL, 1, 1, 1, 'Marié', 'SANS', 2, NULL, 'GENERALE', '53961687', '427672', '0', '007650000725500030241201', 'TWB', NULL, NULL, NULL, '1891687.jpg'),
(218, 333, 1891824, 'SH97138', 'EL AALAOUI MAHJOUB', 'محجوب العلوي ', 'Masculin', '1979-12-20', 'TAN-TAN', '2013-01-02', 11, '2014-07-01', '6', 3, '2016-01-02', 173, NULL, NULL, 1, 1, 1, 'Celibataire', 'SANS', 0, NULL, 'GENERALE', '53961681', '427668', '0', '101650211119543926000116', 'B.P', NULL, NULL, NULL, '1891824.jpg'),
(219, 334, 1891825, 'JF33222', 'ESSAADI KHADIJA ', 'خديجة الساعدي ', 'Féminin', '1984-01-10', 'TAN-TAN', '2013-01-02', 10, '2020-12-31', '7', 4, '2020-01-02', 225, NULL, NULL, 1, 1, 1, 'Celibataire', 'SANS', 0, NULL, 'GENERALE', '53961677', '427666', '0', '101650211118638796000737', 'B.P', NULL, NULL, NULL, '1891825.jpg'),
(220, 335, 1891826, 'JF41350', 'BOUYMZGUANE SAMIRA ', 'سميرة بويمزكان', 'Féminin', '1986-10-30', 'AZILAL', '2013-01-02', 10, '2020-12-31', '7', 4, '2020-01-02', 225, NULL, NULL, 1, 1, 1, 'Celibataire', 'SANS', 0, NULL, 'GENERALE', '53961674', '427663', '0', '101650211118638813000666', 'B.P', NULL, NULL, NULL, '1891826.jpg'),
(221, 337, 1891827, 'JA 53761', 'AGRAIMBAH MOHAMED MOULOUD', 'محمد مولود كريمبح ', 'Masculin', '1974-12-31', NULL, NULL, 2, '2016-12-31', '10', 6, '2015-09-08', 402, NULL, NULL, 1, 1, 1, 'Celibataire', 'SANS', 0, NULL, 'OMFAM', '431828366', '309638', '0', '101650211113791413000209', 'B.P', '666733886', NULL, NULL, '1891827.jpg'),
(222, 338, 1891679, 'J158008', 'EL HAFDI HASSAN', 'الحافضي حسن', 'Masculin', '1964-04-13', NULL, NULL, 24, '2013-03-04', 'H*E', 2, '2016-03-04', 746, NULL, NULL, 1, 1, 1, 'Marié', 'SANS', 4, NULL, 'OMFAM', '0', '0', '0', '310650102710160178560145', 'CFP', NULL, NULL, NULL, '1891679.jpg'),
(223, 341, 1828737, 'JD28778', 'BEIGUI ESSALMA', 'بيكي السالمة', 'Féminin', '1975-01-06', 'SIDI IFNI', '2006-03-27', 11, '2014-07-01', '6', 3, '2015-01-01', 173, NULL, NULL, 1, 1, 1, 'Mariée', 'SANS', 0, NULL, 'OMFAM', '0', '0', '0', '101761211117635827000746', 'B.P', NULL, NULL, NULL, '1828737.jpg'),
(224, 342, 1854901, 'JE34796', 'AKHRAZ ABELLA', 'اخراز  عبلا', 'Masculin', '1966-12-31', 'BOUNAAMANE TIZNIT', '2002-11-01', 11, '2014-07-01', '6', 5, '2016-01-01', 197, NULL, NULL, 1, 1, 1, 'Marié', 'SANS', 2, NULL, 'GENERALE', '0', '0', '0', '011750000001200001102546', 'BMCE', NULL, NULL, NULL, '1854901.jpg'),
(225, 343, 1890981, 'JF34049', 'EL BAKRI FATIMA', 'البكري فاطمة', 'Féminin', '1984-04-23', 'TAN TAN', '2012-12-12', 3, '2018-12-31', '9', 3, '2016-12-31', 274, NULL, NULL, 1, 1, 1, 'Celibataire', 'SANS', 0, NULL, 'OMFAM', '0', '0', '0', '101561211118506155000189', 'B.P', NULL, NULL, NULL, '1890981.jpg'),
(226, 402, 1891938, 'JF10016', 'BOUBRIK AHMED SALEM', 'احمد سالم بوبريك', 'Masculin', '1968-12-31', 'TAN TAN', '1991-07-01', 5, '2018-12-31', '8', 9, '2018-07-01', 353, NULL, NULL, 1, 1, 1, 'Marié', 'SANS', 3, NULL, 'GENERALE', '0', '0', '20075572', '01165000000220000039359', 'BMCE', NULL, NULL, NULL, '1891938.jpg'),
(227, 413, 1891680, 'JA44566', 'EL GHALIA EL AKHRIF', 'الغالية لخريف', 'Féminin', '1972-01-01', NULL, '1992-02-01', 11, '2014-07-01', '6', 5, '2014-01-01', 197, NULL, NULL, 1, 1, 1, 'Mariée', 'SANS', 2, NULL, 'GENERALE', '0', '0', '20098753', '310650102710160045950184', 'TWB', NULL, NULL, NULL, '1891680.jpg'),
(228, 418, 1937069, 'JF 4692', 'ZITOUNI BATOUMI', 'باتومي الزيتوني', 'Masculin', '1967-07-26', 'SIDI AATMANE CASA', '2000-01-01', 11, '2014-07-01', '6', 4, '2016-07-01', 185, NULL, NULL, 1, 1, 1, 'Marié', 'SANS', 1, NULL, 'SANS', NULL, NULL, NULL, '225650011704590601010595', 'C.Agr', NULL, NULL, NULL, '1937069.jpg'),
(229, 519, 1858461, 'JF32681', 'SOMYAN MOHAMED LAMINE', 'سميان محمد لمين', 'Masculin', '1983-03-01', 'TAN TAN', '2010-02-01', 11, '2014-07-01', '6', 5, '1905-07-10', 197, NULL, NULL, 1, 1, 1, 'Marié', 'SANS', 2, NULL, 'OMFAM', '431898923', '375203', '20124451', '225320017110606601011427', 'C.Agr', NULL, NULL, NULL, '1858461.jpg'),
(230, 35, 1859161, 'JF851', 'EL KHAN MOHAMED', 'الخن محمد', 'Masculin', '1963-11-08', 'TAN TAN', '1993-09-30', 2, '2015-01-01', '10', 9, '2015-09-30', 484, NULL, NULL, 1, 1, 1, 'Marié', 'SANS', 2, NULL, 'GENERALE', NULL, NULL, NULL, '011650000002200000306490', 'BMCE', '667928678', NULL, NULL, '1859161.jpg'),
(231, 522, 1893498, NULL, 'MAIROUCHE LAHCEN', 'ميروش الحسن', 'Masculin', '1966-12-31', NULL, NULL, 11, '2014-07-01', '6', 6, '2020-07-01', 209, NULL, NULL, 1, 1, 1, 'Marié', 'SANS', 0, NULL, 'SANS', '0', '0', '0', NULL, NULL, '633055445', NULL, NULL, '1893498.jpg'),
(232, 523, 2141337, 'CB295121', 'OUANANE HAMZA', 'وعنان حمزة', 'Masculin', '1995-05-25', 'SEFROU', '2021-10-01', 18, '2021-10-01', '11', 1, '2021-10-01', 336, NULL, NULL, 1, 1, 1, 'Celibataire', 'SANS', 0, NULL, 'SANS', NULL, NULL, NULL, NULL, NULL, NULL, NULL, NULL, '2141337.jpg'),
(233, 524, 2141338, 'F755763', 'AMARA ABELILAH', 'عمارة عبد الاله', 'Masculin', '1988-08-05', 'OUJDA', '2021-10-01', 18, '2021-10-01', '11', 1, '2021-10-01', 336, NULL, NULL, 1, 1, 1, 'Marié', 'SANS', 1, NULL, 'SANS', NULL, NULL, NULL, NULL, NULL, NULL, NULL, NULL, '2141338.jpg'),
(234, 525, 2141339, 'PB87359', 'SAMAT LOUBNA', 'لبنى الصامت', 'Masculin', '1982-01-07', 'MEKNES', '2021-10-01', 3, '2021-10-01', '9', 1, '2021-10-01', 235, NULL, NULL, 1, 1, 1, 'Celibataire', 'SANS', 0, NULL, 'SANS', NULL, NULL, NULL, NULL, NULL, NULL, NULL, NULL, '2141339.jpg'),
(235, 526, 2141340, 'JA179648', 'ERRAJI CHAIMAE', 'هشام الراجي', 'Masculin', '1998-05-28', 'GUELMIM', '2021-10-01', 3, '2021-10-01', '9', 1, '2021-10-01', 235, NULL, NULL, 1, 1, 1, 'Celibataire', 'SANS', 0, NULL, 'SANS', NULL, NULL, NULL, NULL, NULL, NULL, NULL, NULL, '2141340.jpg'),
(236, 527, 2141341, 'SH179390', 'EL MERZOUGUI OUALID', 'وليد المرزوكي', 'Masculin', '1995-09-24', 'LAYOUNE', '2021-10-01', 3, '2021-10-01', '9', 1, '2021-10-01', 235, NULL, NULL, 1, 1, 1, 'Celibataire', 'SANS', 0, NULL, 'SANS', NULL, NULL, NULL, NULL, NULL, NULL, NULL, NULL, '2141341.jpg'),
(237, 528, 2141342, 'SH195805', 'CHIKH MAOULININ ES-SALEM', 'الشيخ ماء العينين السالم', 'Masculin', '2000-01-27', 'TATA', '2021-10-01', 3, '2021-10-01', '9', 1, '2021-10-01', 235, NULL, NULL, 1, 1, 1, 'Celibataire', 'SANS', 0, NULL, 'SANS', NULL, NULL, NULL, NULL, NULL, NULL, NULL, NULL, '2141342.jpg'),
(238, 534, 1791181, 'J151762', 'EL HAIMAR AHMED', 'الحيمر احمد', 'Masculin', '1962-12-31', NULL, NULL, 9, '1999-07-10', '8', 10, '2012-07-10', 373, NULL, NULL, 1, 1, 1, 'Marié', 'SANS', 0, NULL, 'OMFAM', '0', '0', '0', '011650000002200000385642', 'BMCE', NULL, NULL, NULL, '1791181.jpg'),
(239, 520, 1787276, 'QA98678', 'HAMRAOUI BOUCHTA', 'حمراوي بوشتى ', 'Masculin', '1978-06-15', 'OULAD BOUGHADI KHRIBGA', '2002-03-05', 11, '2014-07-01', '6', 7, '2019-07-01', 222, NULL, NULL, 1, 1, 1, 'Marié', 'SANS', 4, NULL, 'OMFAM', '431,898923', '375203', '20124451', '145411211117960307000826', 'B.P (OUED ZEM)', NULL, NULL, NULL, '1787276.jpg'),
(240, 521, 2141336, 'AD249296', 'KACIMI HAMZA', 'قسيمي حمزة', 'Masculin', '1996-11-24', NULL, '2020-07-09', 4, '2020-07-09', '8', 1, '2020-07-09', 207, NULL, NULL, 1, 1, 1, 'Celibataire', 'SANS', 0, NULL, 'SANS', '0', '0', '0', '007650000725330031017355', 'TWB', NULL, NULL, NULL, '2141336.jpg'),
(241, 535, 1937072, 'JZ6726', 'ECHAIKH MOHAMMED', 'الشيخ محمد', 'Masculin', '1997-06-15', 'ASSA', '2022-03-29', 3, '2022-03-29', '9', 1, '2022-03-29', 235, NULL, NULL, 1, 1, 1, 'Celibataire', 'SANS', 0, NULL, 'SANS', '0', '0', '0', NULL, NULL, NULL, NULL, NULL, '1937072.jpg'),
(242, 529, 2141343, 'JF52313', 'ABICH MAHMOUD', 'محمود ابيش', 'Masculin', '1995-01-13', 'TAN TAN', '2021-10-01', 4, '2021-10-01', '8', 1, '2021-10-01', 207, NULL, NULL, 1, 1, 1, 'Celibataire', 'SANS', 0, NULL, 'SANS', NULL, NULL, NULL, NULL, NULL, NULL, NULL, NULL, '2141343.jpg'),
(243, 530, 2141344, 'JF49067', 'BABALI MOHMED', 'محمد بابعلي', 'Masculin', '1993-02-03', 'TAN TAN', '2021-10-01', 4, '2021-10-01', '8', 1, '2021-10-01', 207, NULL, NULL, 1, 1, 1, 'Celibataire', 'SANS', 0, NULL, 'SANS', NULL, NULL, NULL, NULL, NULL, NULL, NULL, NULL, '2141344.jpg'),
(244, 531, 1937070, 'JF50812', 'MOUADI MOHAMED AMINE', 'محمد امين موادي', 'Masculin', '1995-06-10', 'TAN TAN', '2021-10-01', 4, '2021-10-01', '8', 1, '2021-10-01', 207, NULL, NULL, 1, 1, 1, 'Celibataire', 'SANS', 0, NULL, 'SANS', NULL, NULL, NULL, NULL, NULL, NULL, NULL, NULL, '1937070.jpg'),
(245, 532, 1937071, 'JF37311', 'BEN CHEIKH YOUSEF', 'يوسف بن الشيخ', 'Masculin', '1987-01-20', 'TAN TAN', '2021-10-01', 4, '2021-10-01', '8', 1, '2021-10-01', 207, NULL, NULL, 1, 1, 1, 'Celibataire', 'SANS', 0, NULL, 'SANS', NULL, NULL, NULL, NULL, NULL, NULL, NULL, NULL, '1937071.jpg'),
(246, 533, 2141345, 'U192510', 'ABDI AHMED', 'احمد عبدي', 'Masculin', '1998-03-17', NULL, '2021-10-01', 4, '2021-10-01', '8', 1, '2021-10-01', 207, NULL, NULL, 1, 1, 1, 'Celibataire', 'SANS', 0, NULL, 'SANS', NULL, NULL, NULL, NULL, NULL, NULL, NULL, NULL, '2141345.jpg'),
(247, 536, 2141346, 'JF47043', 'FAHIMI AIDDA ', 'عايدا فهيمي', 'Masculin', '1993-05-13', 'TAN TAN', '2022-07-01', 3, '2022-07-01', '9', 1, '2022-07-01', 235, NULL, NULL, 1, 1, 1, 'Celibataire', 'SANS', 0, NULL, 'SANS', NULL, NULL, NULL, NULL, NULL, NULL, NULL, NULL, '2141346.jpg'),
(248, 537, 2141347, 'JF51669', 'ED-DRIOUCH OSSAMA', 'اسامة ادريوش', 'Masculin', '1996-07-29', 'TAN TAN', '2022-07-01', 3, '2022-07-01', '9', 1, '2022-07-01', 235, NULL, NULL, 1, 1, 1, 'Celibataire', 'SANS', 0, NULL, 'SANS', NULL, NULL, NULL, NULL, NULL, NULL, NULL, NULL, '2141347.jpg'),
(249, 538, 2141348, 'JF48441', 'LAMAHAD EL GHALIA', 'الغالية الأمحد', 'Masculin', '1993-08-25', 'TAN TAN', '2022-07-01', 4, '2022-07-01', '8', 1, '2022-07-01', 207, NULL, NULL, 1, 1, 1, 'Celibataire', 'SANS', 0, NULL, 'SANS', NULL, NULL, NULL, NULL, NULL, NULL, NULL, NULL, '2141348.jpg'),
(250, 539, 2141349, 'JF43492', 'AOUISSI EL HASSAN', 'الحسن عويس', 'Masculin', '1991-05-16', 'TAN TAN', '2022-07-01', 4, '2022-07-01', '8', 1, '2022-07-01', 207, NULL, NULL, 1, 1, 1, 'Celibataire', 'SANS', 0, NULL, 'SANS', NULL, NULL, NULL, NULL, NULL, NULL, NULL, NULL, '2141349.jpg'),
(251, 540, 2141350, 'JF46504', 'KARMA ABDELLAH', 'عبد الله كرمة', 'Masculin', '1992-12-03', 'TAN TAN', '2022-07-01', 4, '2022-07-01', '8', 1, '2022-07-01', 207, NULL, NULL, 1, 1, 1, 'Celibataire', 'SANS', 0, NULL, 'SANS', NULL, NULL, NULL, NULL, NULL, NULL, NULL, NULL, '2141350.jpg'),
(252, 541, 2141351, 'JF49625', 'BISMIR BAYA', 'بايا بيسمير', 'Masculin', '1991-03-10', 'TAN TAN', '2022-07-01', 4, '2022-07-01', '8', 1, '2022-07-01', 207, NULL, NULL, 1, 1, 1, 'Celibataire', 'SANS', 0, NULL, 'SANS', NULL, NULL, NULL, NULL, NULL, NULL, NULL, NULL, '2141351.jpg'),
(253, 542, 2141352, 'JF57993', 'EL BATTAH MOHAMED', 'محمد البطاح', 'Masculin', '1999-11-26', 'TAN TAN', '2022-07-01', 4, '2022-07-01', '8', 1, '2022-07-01', 207, NULL, NULL, 1, 1, 1, 'Celibataire', 'SANS', 0, NULL, 'SANS', NULL, NULL, NULL, NULL, NULL, NULL, NULL, NULL, '2141352.jpg'),
(254, 543, 2141353, 'SH196849', 'BOUHOUCH FATNA', 'فاطنة بهوش', 'Masculin', '2000-10-06', 'SIDI IFNI', '2022-06-01', 4, '2022-06-01', '8', 1, '2022-06-01', 207, NULL, NULL, 1, 1, 1, 'Celibataire', 'SANS', 0, NULL, 'SANS', NULL, NULL, NULL, NULL, NULL, NULL, NULL, NULL, '2141353.jpg'),
(255, 544, 2141354, 'ID37694', 'DATSI ZAKARIA', 'زكرياء داتسي', 'Masculin', '1989-06-05', 'BENI MELLAL', '2022-06-01', 4, '2022-06-01', '8', 1, '2022-06-01', 207, NULL, NULL, 1, 1, 1, 'Celibataire', 'SANS', 0, NULL, 'SANS', NULL, NULL, NULL, NULL, NULL, NULL, NULL, NULL, '2141354.jpg'),
(256, 545, 1813402, 'Y284158', 'LIHILLA HANANE', 'لهيلة حنان', 'Féminin', NULL, NULL, '2022-11-01', 23, '2017-12-31', '10', 6, '2017-01-01', 402, NULL, NULL, 1, 1, 1, 'Mariée', 'SANS', 0, NULL, 'SANS', NULL, NULL, NULL, NULL, NULL, NULL, NULL, NULL, '1813402.jpg');

-- --------------------------------------------------------

--
-- Structure de la table `archives`
--

DROP TABLE IF EXISTS `archives`;
CREATE TABLE IF NOT EXISTS `archives` (
  `id_archive` int NOT NULL AUTO_INCREMENT,
  `nom_archive_ar` varchar(200) COLLATE utf8mb4_unicode_ci NOT NULL,
  `id_categorie` int DEFAULT NULL,
  `date_archive` date DEFAULT NULL,
  `path_archive` varchar(120) COLLATE utf8mb4_unicode_ci DEFAULT NULL,
  `created_at` timestamp NOT NULL DEFAULT CURRENT_TIMESTAMP,
  PRIMARY KEY (`id_archive`),
  KEY `id_categorie` (`id_categorie`)
) ENGINE=MyISAM DEFAULT CHARSET=utf8mb4 COLLATE=utf8mb4_unicode_ci;

-- --------------------------------------------------------

--
-- Structure de la table `bureaus`
--

DROP TABLE IF EXISTS `bureaus`;
CREATE TABLE IF NOT EXISTS `bureaus` (
  `id_bureau` int NOT NULL AUTO_INCREMENT,
  `nom_bureau_fr` varchar(150) COLLATE utf8mb4_unicode_ci DEFAULT NULL,
  `nom_bureau_ar` varchar(150) COLLATE utf8mb4_unicode_ci DEFAULT NULL,
  `id_service` int NOT NULL,
  PRIMARY KEY (`id_bureau`),
  KEY `id_service` (`id_service`)
) ENGINE=MyISAM AUTO_INCREMENT=111 DEFAULT CHARSET=utf8mb4 COLLATE=utf8mb4_unicode_ci;

--
-- Déchargement des données de la table `bureaus`
--

INSERT INTO `bureaus` (`id_bureau`, `nom_bureau_fr`, `nom_bureau_ar`, `id_service`) VALUES
(1, 'Bureau des affaires administratives', 'مكتب الشؤون الادارية', 1),
(2, 'cellule de dépistage', 'خلية الافتحاص', 1),
(3, 'Bureau des comptes', 'مكتب الحسابات', 1),
(4, 'Bureau des offres', 'مكتب الصفقات', 1),
(5, 'Bureau de développement des ressources financières', 'مكتب تنمية الموارد المالية', 1),
(6, 'Bureau de la police administrative', 'مكتب الشرطة الادارية', 1),
(7, 'Le bureau principal de l\'état civil', 'المكتب الرئيسي للحالة المدنية', 1),
(8, 'Deuxième succursale', 'المكتب الفرعي الثاني', 1),
(9, 'Succursale Cheikh Abdati', 'المكتب الفرعي الشيخ عبداتي', 1),
(10, 'Nouvelle antenne de quartier', 'المكتب الفرعي الحي الجديد', 1),
(11, 'Bureau de verdure', 'مكتب المساحات الخضراء', 1),
(12, 'Bureau de santé', 'المكتب الصحي', 1),
(13, 'bureau d\'entretien', 'مكتب الصيانة', 1),
(14, 'bureau de la propriété', 'مكتب الممتلكات', 1),
(15, 'Bureau des travaux', 'مكتب الاشغال', 1),
(16, 'Bureau des Grands Travaux', 'مكتب الاشغال الكبرى', 1),
(17, 'Bureau d\'action sociale', 'مكتب العمل الاجتماعي', 1),
(18, 'Bureau économique', 'مكتب  الاقتصادي', 1),
(19, 'Bureau d\'éclairage public', 'مكتب الإنارة العمومية', 1),
(20, 'Bureau de menuiserie, plâtrage, teinturerie et bâtiment', 'مكتب النجارة والترصيص والصباغة والبناء', 1),
(21, 'Bureau des ressources humaines', 'مكتب  الموارد البشرية', 1),
(22, 'écriture général', 'الكتابة العامة', 1),
(23, 'Bureau des affaires administratives', 'مكتب الشؤون الادارية', 1),
(24, 'cellule de dépistage', 'خلية الافتحاص', 1),
(25, 'Bureau des comptes', 'مكتب الحسابات', 1),
(26, 'Bureau des offres', 'مكتب الصفقات', 1),
(27, 'Bureau de développement des ressources financières', 'مكتب تنمية الموارد المالية', 1),
(28, 'Bureau de la police administrative', 'مكتب الشرطة الادارية', 1),
(29, 'Le bureau principal de l\'état civil', 'المكتب الرئيسي للحالة المدنية', 1),
(30, 'Deuxième succursale', 'المكتب الفرعي الثاني', 1),
(31, 'Succursale Cheikh Abdati', 'المكتب الفرعي الشيخ عبداتي', 1),
(32, 'Nouvelle antenne de quartier', 'المكتب الفرعي الحي الجديد', 1),
(33, 'Bureau de verdure', 'مكتب المساحات الخضراء', 1),
(34, 'Bureau de santé', 'المكتب الصحي', 1),
(35, 'bureau d\'entretien', 'مكتب الصيانة', 1),
(36, 'bureau de la propriété', 'مكتب الممتلكات', 1),
(37, 'Bureau des travaux', 'مكتب الاشغال', 1),
(38, 'Bureau des Grands Travaux', 'مكتب الاشغال الكبرى', 1),
(39, 'Bureau d\'action sociale', 'مكتب العمل الاجتماعي', 1),
(40, 'Bureau économique', 'مكتب  الاقتصادي', 1),
(41, 'Bureau d\'éclairage public', 'مكتب الإنارة العمومية', 1),
(42, 'Bureau de menuiserie, plâtrage, teinturerie et bâtiment', 'مكتب النجارة والترصيص والصباغة والبناء', 1),
(43, 'Bureau des ressources humaines', 'مكتب  الموارد البشرية', 1),
(44, 'écriture général', 'الكتابة العامة', 1),
(45, 'Bureau des affaires administratives', 'مكتب الشؤون الادارية', 1),
(46, 'cellule de dépistage', 'خلية الافتحاص', 1),
(47, 'Bureau des comptes', 'مكتب الحسابات', 1),
(48, 'Bureau des offres', 'مكتب الصفقات', 1),
(49, 'Bureau de développement des ressources financières', 'مكتب تنمية الموارد المالية', 1),
(50, 'Bureau de la police administrative', 'مكتب الشرطة الادارية', 1),
(51, 'Le bureau principal de l\'état civil', 'المكتب الرئيسي للحالة المدنية', 1),
(52, 'Deuxième succursale', 'المكتب الفرعي الثاني', 1),
(53, 'Succursale Cheikh Abdati', 'المكتب الفرعي الشيخ عبداتي', 1),
(54, 'Nouvelle antenne de quartier', 'المكتب الفرعي الحي الجديد', 1),
(55, 'Bureau de verdure', 'مكتب المساحات الخضراء', 1),
(56, 'Bureau de santé', 'المكتب الصحي', 1),
(57, 'bureau d\'entretien', 'مكتب الصيانة', 1),
(58, 'bureau de la propriété', 'مكتب الممتلكات', 1),
(59, 'Bureau des travaux', 'مكتب الاشغال', 1),
(60, 'Bureau des Grands Travaux', 'مكتب الاشغال الكبرى', 1),
(61, 'Bureau d\'action sociale', 'مكتب العمل الاجتماعي', 1),
(62, 'Bureau économique', 'مكتب  الاقتصادي', 1),
(63, 'Bureau d\'éclairage public', 'مكتب الإنارة العمومية', 1),
(64, 'Bureau de menuiserie, plâtrage, teinturerie et bâtiment', 'مكتب النجارة والترصيص والصباغة والبناء', 1),
(65, 'Bureau des ressources humaines', 'مكتب  الموارد البشرية', 1),
(66, 'écriture général', 'الكتابة العامة', 1),
(67, 'Bureau des affaires administratives', 'مكتب الشؤون الادارية', 1),
(68, 'cellule de dépistage', 'خلية الافتحاص', 1),
(69, 'Bureau des comptes', 'مكتب الحسابات', 1),
(70, 'Bureau des offres', 'مكتب الصفقات', 1),
(71, 'Bureau de développement des ressources financières', 'مكتب تنمية الموارد المالية', 1),
(72, 'Bureau de la police administrative', 'مكتب الشرطة الادارية', 1),
(73, 'Le bureau principal de l\'état civil', 'المكتب الرئيسي للحالة المدنية', 1),
(74, 'Deuxième succursale', 'المكتب الفرعي الثاني', 1),
(75, 'Succursale Cheikh Abdati', 'المكتب الفرعي الشيخ عبداتي', 1),
(76, 'Nouvelle antenne de quartier', 'المكتب الفرعي الحي الجديد', 1),
(77, 'Bureau de verdure', 'مكتب المساحات الخضراء', 1),
(78, 'Bureau de santé', 'المكتب الصحي', 1),
(79, 'bureau d\'entretien', 'مكتب الصيانة', 1),
(80, 'bureau de la propriété', 'مكتب الممتلكات', 1),
(81, 'Bureau des travaux', 'مكتب الاشغال', 1),
(82, 'Bureau des Grands Travaux', 'مكتب الاشغال الكبرى', 1),
(83, 'Bureau d\'action sociale', 'مكتب العمل الاجتماعي', 1),
(84, 'Bureau économique', 'مكتب  الاقتصادي', 1),
(85, 'Bureau d\'éclairage public', 'مكتب الإنارة العمومية', 1),
(86, 'Bureau de menuiserie, plâtrage, teinturerie et bâtiment', 'مكتب النجارة والترصيص والصباغة والبناء', 1),
(87, 'Bureau des ressources humaines', 'مكتب  الموارد البشرية', 1),
(88, 'écriture général', 'الكتابة العامة', 1),
(89, 'Bureau des affaires administratives', 'مكتب الشؤون الادارية', 1),
(90, 'cellule de dépistage', 'خلية الافتحاص', 1),
(91, 'Bureau des comptes', 'مكتب الحسابات', 1),
(92, 'Bureau des offres', 'مكتب الصفقات', 1),
(93, 'Bureau de développement des ressources financières', 'مكتب تنمية الموارد المالية', 1),
(94, 'Bureau de la police administrative', 'مكتب الشرطة الادارية', 1),
(95, 'Le bureau principal de l\'état civil', 'المكتب الرئيسي للحالة المدنية', 1),
(96, 'Deuxième succursale', 'المكتب الفرعي الثاني', 1),
(97, 'Succursale Cheikh Abdati', 'المكتب الفرعي الشيخ عبداتي', 1),
(98, 'Nouvelle antenne de quartier', 'المكتب الفرعي الحي الجديد', 1),
(99, 'Bureau de verdure', 'مكتب المساحات الخضراء', 1),
(100, 'Bureau de santé', 'المكتب الصحي', 1),
(101, 'bureau d\'entretien', 'مكتب الصيانة', 1),
(102, 'bureau de la propriété', 'مكتب الممتلكات', 1),
(103, 'Bureau des travaux', 'مكتب الاشغال', 1),
(104, 'Bureau des Grands Travaux', 'مكتب الاشغال الكبرى', 1),
(105, 'Bureau d\'action sociale', 'مكتب العمل الاجتماعي', 1),
(106, 'Bureau économique', 'مكتب  الاقتصادي', 1),
(107, 'Bureau d\'éclairage public', 'مكتب الإنارة العمومية', 1),
(108, 'Bureau de menuiserie, plâtrage, teinturerie et bâtiment', 'مكتب النجارة والترصيص والصباغة والبناء', 1),
(109, 'Bureau des ressources humaines', 'مكتب  الموارد البشرية', 1),
(110, 'écriture général', 'الكتابة العامة', 1);

-- --------------------------------------------------------

--
-- Structure de la table `categories`
--

DROP TABLE IF EXISTS `categories`;
CREATE TABLE IF NOT EXISTS `categories` (
  `id_categorie` int NOT NULL AUTO_INCREMENT,
  `nom_categorie_ar` varchar(120) COLLATE utf8mb4_unicode_ci NOT NULL,
  PRIMARY KEY (`id_categorie`)
) ENGINE=MyISAM AUTO_INCREMENT=11 DEFAULT CHARSET=utf8mb4 COLLATE=utf8mb4_unicode_ci;

--
-- Déchargement des données de la table `categories`
--

INSERT INTO `categories` (`id_categorie`, `nom_categorie_ar`) VALUES
(1, 'الواردات'),
(2, 'الصادرات'),
(3, 'الواردات'),
(4, 'الصادرات'),
(5, 'الواردات'),
(6, 'الصادرات'),
(7, 'الواردات'),
(8, 'الصادرات'),
(9, 'الواردات'),
(10, 'الصادرات');

-- --------------------------------------------------------

--
-- Structure de la table `conges`
--

DROP TABLE IF EXISTS `conges`;
CREATE TABLE IF NOT EXISTS `conges` (
  `id_conge` int NOT NULL AUTO_INCREMENT,
  `type_conge` varchar(100) COLLATE utf8mb4_unicode_ci DEFAULT NULL,
  `date_debut_conge` date DEFAULT NULL,
  `date_fin_conge` date DEFAULT NULL,
  `nbr_jours` int NOT NULL,
  `annee_conge` int NOT NULL,
  `id_agent` int DEFAULT NULL,
  `remplacant` varchar(150) COLLATE utf8mb4_unicode_ci DEFAULT NULL,
  `adresse_conge` varchar(200) COLLATE utf8mb4_unicode_ci DEFAULT NULL,
  `date_prise` date DEFAULT NULL,
  `statut_conge` int NOT NULL DEFAULT '0',
  PRIMARY KEY (`id_conge`),
  KEY `id_agent` (`id_agent`)
) ENGINE=MyISAM DEFAULT CHARSET=utf8mb4 COLLATE=utf8mb4_unicode_ci;

-- --------------------------------------------------------

--
-- Structure de la table `departements`
--

DROP TABLE IF EXISTS `departements`;
CREATE TABLE IF NOT EXISTS `departements` (
  `id_departement` int NOT NULL AUTO_INCREMENT,
  `nom_departement_fr` varchar(150) CHARACTER SET utf8mb4 COLLATE utf8mb4_unicode_ci DEFAULT NULL,
  `nom_departement_ar` varchar(150) CHARACTER SET utf8mb4 COLLATE utf8mb4_unicode_ci DEFAULT NULL,
  PRIMARY KEY (`id_departement`)
) ENGINE=MyISAM AUTO_INCREMENT=11 DEFAULT CHARSET=utf8mb4 COLLATE=utf8mb4_unicode_ci;

--
-- Déchargement des données de la table `departements`
--

INSERT INTO `departements` (`id_departement`, `nom_departement_fr`, `nom_departement_ar`) VALUES
(1, 'Division des affaires administratives financières et juridiques', 'قسم الشؤون الإدارية والمالية والقانونية'),
(2, 'Division de la construction, de l environnement, des travaux et de la propriété', 'قسم التعمير والبيئة والأشغال والممتلكات'),
(3, 'Division des affaires administratives financières et juridiques', 'قسم الشؤون الإدارية والمالية والقانونية'),
(4, 'Division de la construction, de l environnement, des travaux et de la propriété', 'قسم التعمير والبيئة والأشغال والممتلكات'),
(5, 'Division des affaires administratives financières et juridiques', 'قسم الشؤون الإدارية والمالية والقانونية'),
(6, 'Division de la construction, de l environnement, des travaux et de la propriété', 'قسم التعمير والبيئة والأشغال والممتلكات'),
(7, 'Division des affaires administratives financières et juridiques', 'قسم الشؤون الإدارية والمالية والقانونية'),
(8, 'Division de la construction, de l environnement, des travaux et de la propriété', 'قسم التعمير والبيئة والأشغال والممتلكات'),
(9, 'Division des affaires administratives financières et juridiques', 'قسم الشؤون الإدارية والمالية والقانونية'),
(10, 'Division de la construction, de l environnement, des travaux et de la propriété', 'قسم التعمير والبيئة والأشغال والممتلكات');

-- --------------------------------------------------------

--
-- Structure de la table `documents`
--

DROP TABLE IF EXISTS `documents`;
CREATE TABLE IF NOT EXISTS `documents` (
  `id_document` int NOT NULL AUTO_INCREMENT,
  `titre` varchar(120) COLLATE utf8mb4_unicode_ci DEFAULT NULL,
  `path` varchar(120) COLLATE utf8mb4_unicode_ci DEFAULT NULL,
  `id_agent` int NOT NULL,
  PRIMARY KEY (`id_document`),
  KEY `id_agent` (`id_agent`)
) ENGINE=MyISAM DEFAULT CHARSET=utf8mb4 COLLATE=utf8mb4_unicode_ci;

-- --------------------------------------------------------

--
-- Structure de la table `failed_jobs`
--

DROP TABLE IF EXISTS `failed_jobs`;
CREATE TABLE IF NOT EXISTS `failed_jobs` (
  `id` bigint UNSIGNED NOT NULL AUTO_INCREMENT,
  `uuid` varchar(255) COLLATE utf8mb4_unicode_ci NOT NULL,
  `connection` text COLLATE utf8mb4_unicode_ci NOT NULL,
  `queue` text COLLATE utf8mb4_unicode_ci NOT NULL,
  `payload` text COLLATE utf8mb4_unicode_ci NOT NULL,
  `exception` text COLLATE utf8mb4_unicode_ci NOT NULL,
  `failed_at` timestamp NOT NULL DEFAULT CURRENT_TIMESTAMP,
  PRIMARY KEY (`id`)
) ENGINE=MyISAM DEFAULT CHARSET=utf8mb4 COLLATE=utf8mb4_unicode_ci;

-- --------------------------------------------------------

--
-- Structure de la table `fonctions`
--

DROP TABLE IF EXISTS `fonctions`;
CREATE TABLE IF NOT EXISTS `fonctions` (
  `id_fonction` int NOT NULL AUTO_INCREMENT,
  `nom_fonction_fr` varchar(100) CHARACTER SET utf8mb4 COLLATE utf8mb4_unicode_ci DEFAULT NULL,
  `nom_fonction_ar` varchar(100) CHARACTER SET utf8mb4 COLLATE utf8mb4_unicode_ci DEFAULT NULL,
  PRIMARY KEY (`id_fonction`)
) ENGINE=MyISAM AUTO_INCREMENT=6 DEFAULT CHARSET=utf8mb4 COLLATE=utf8mb4_unicode_ci;

--
-- Déchargement des données de la table `fonctions`
--

INSERT INTO `fonctions` (`id_fonction`, `nom_fonction_fr`, `nom_fonction_ar`) VALUES
(1, 'Fonctionnaire', 'موظف'),
(2, 'chef du division ', 'رئيس قسم'),
(3, 'chef de service ', 'رئيس مصلحة'),
(4, 'chef de bureau ', 'رئيس مكتب'),
(5, 'directeur des services ', ' مدير المصالح');

-- --------------------------------------------------------

--
-- Structure de la table `formations`
--

DROP TABLE IF EXISTS `formations`;
CREATE TABLE IF NOT EXISTS `formations` (
  `id_formation` int NOT NULL AUTO_INCREMENT,
  `nom_formation_ar` varchar(150) COLLATE utf8mb4_unicode_ci DEFAULT NULL,
  `date_formation` date DEFAULT NULL,
  `participantes` text COLLATE utf8mb4_unicode_ci,
  `path_formation` varchar(100) COLLATE utf8mb4_unicode_ci DEFAULT NULL,
  PRIMARY KEY (`id_formation`)
) ENGINE=MyISAM DEFAULT CHARSET=utf8mb4 COLLATE=utf8mb4_unicode_ci;

-- --------------------------------------------------------

--
-- Structure de la table `grades`
--

DROP TABLE IF EXISTS `grades`;
CREATE TABLE IF NOT EXISTS `grades` (
  `id_grade` int NOT NULL AUTO_INCREMENT,
  `nom_grade_fr` varchar(50) COLLATE utf8mb4_unicode_ci DEFAULT NULL,
  `nom_grade_ar` varchar(50) COLLATE utf8mb4_unicode_ci DEFAULT NULL,
  PRIMARY KEY (`id_grade`)
) ENGINE=MyISAM AUTO_INCREMENT=126 DEFAULT CHARSET=utf8mb4 COLLATE=utf8mb4_unicode_ci;

--
-- Déchargement des données de la table `grades`
--

INSERT INTO `grades` (`id_grade`, `nom_grade_fr`, `nom_grade_ar`) VALUES
(1, 'TECHNICIEN 1° GRADE', 'تقني من الدرجة الأولى'),
(2, 'TECHNICIEN 2° GRADE', 'تقني من الدرجة الثانية'),
(3, 'TECHNICIEN 3° GRADE', 'تقني من الدرجة الثالثة'),
(4, 'TECHNICIEN 4° GRADE', 'تقني من الدرجة الرابعة'),
(5, 'ADJOINT ADMINISTRATIF 1° GRADE', 'مساعد اداري الدرجة الأولى'),
(6, 'ADJOINT ADMINISTRATIF 2° GRADE', 'مساعد اداري الدرجة الثانية'),
(7, 'ADJOINT ADMINISTRATIF 3° GRADE', 'مساعد اداري الدرجة الثالتة'),
(8, 'ADJOINT DE SANTE PRINCIPAL', 'مساعد صحة ممتاز'),
(9, 'ADJOINT TECHNIQUE 1° GRADE', 'مساعد تقني الدرجة الأولى'),
(10, 'ADJOINT TECHNIQUE 2° GRADE', 'مساعد تقني الدرجة الثانية'),
(11, 'ADJOINT TECHNIQUE 3° GRADE', 'مساعد تقني الدرجة الثالتة'),
(12, 'ADMINISTRATEUR', 'متصرف'),
(13, 'ADMINISTRATEUR 1° GRADE', 'متصرف الدرجة الأولى'),
(14, 'ADMINISTRATEUR 2° GRADE', 'متصرف الدرجة  الثانية'),
(15, 'ADMINISTRATEUR 3° GRADE', 'متصرف الدرجة الثالتة'),
(16, 'ADMINISTRATEUR ADJOINT', 'متصرف مساعد'),
(17, 'ADMINISTRATEUR PRINCIPAL', 'متصرف ممتاز'),
(18, 'INGENIEUR D\'ETAT 1° GRADE', 'مهندس دولة من الدرجة الأولى'),
(19, 'MEDECIN 1° GRADE', 'طبيب من الدرجة الأولى'),
(20, 'REDACTEUR 1° GRADE', 'محرر من الدرجة الأولى'),
(21, 'REDACTEUR 2° GRADE', 'محرر من الدرجة الثانية'),
(22, 'REDACTEUR 3° GRADE', 'محرر من الدرجة الثالتة'),
(23, 'REDACTEUR 4° GRADE', 'محرر من الدرجة الرابعة'),
(24, 'INFERMIERE 1° GRADE ', 'ممرض من الدرجة الأولى'),
(25, 'INGENIEUR EN CHEF', 'مهندس'),
(26, 'TECHNICIEN 1° GRADE', 'تقني من الدرجة الأولى'),
(27, 'TECHNICIEN 2° GRADE', 'تقني من الدرجة الثانية'),
(28, 'TECHNICIEN 3° GRADE', 'تقني من الدرجة الثالثة'),
(29, 'TECHNICIEN 4° GRADE', 'تقني من الدرجة الرابعة'),
(30, 'ADJOINT ADMINISTRATIF 1° GRADE', 'مساعد اداري الدرجة الأولى'),
(31, 'ADJOINT ADMINISTRATIF 2° GRADE', 'مساعد اداري الدرجة الثانية'),
(32, 'ADJOINT ADMINISTRATIF 3° GRADE', 'مساعد اداري الدرجة الثالتة'),
(33, 'ADJOINT DE SANTE PRINCIPAL', 'مساعد صحة ممتاز'),
(34, 'ADJOINT TECHNIQUE 1° GRADE', 'مساعد تقني الدرجة الأولى'),
(35, 'ADJOINT TECHNIQUE 2° GRADE', 'مساعد تقني الدرجة الثانية'),
(36, 'ADJOINT TECHNIQUE 3° GRADE', 'مساعد تقني الدرجة الثالتة'),
(37, 'ADMINISTRATEUR', 'متصرف'),
(38, 'ADMINISTRATEUR 1° GRADE', 'متصرف الدرجة الأولى'),
(39, 'ADMINISTRATEUR 2° GRADE', 'متصرف الدرجة  الثانية'),
(40, 'ADMINISTRATEUR 3° GRADE', 'متصرف الدرجة الثالتة'),
(41, 'ADMINISTRATEUR ADJOINT', 'متصرف مساعد'),
(42, 'ADMINISTRATEUR PRINCIPAL', 'متصرف ممتاز'),
(43, 'INGENIEUR D\'ETAT 1° GRADE', 'مهندس دولة من الدرجة الأولى'),
(44, 'MEDECIN 1° GRADE', 'طبيب من الدرجة الأولى'),
(45, 'REDACTEUR 1° GRADE', 'محرر من الدرجة الأولى'),
(46, 'REDACTEUR 2° GRADE', 'محرر من الدرجة الثانية'),
(47, 'REDACTEUR 3° GRADE', 'محرر من الدرجة الثالتة'),
(48, 'REDACTEUR 4° GRADE', 'محرر من الدرجة الرابعة'),
(49, 'INFERMIERE 1° GRADE ', 'ممرض من الدرجة الأولى'),
(50, 'INGENIEUR EN CHEF', 'مهندس'),
(51, 'TECHNICIEN 1° GRADE', 'تقني من الدرجة الأولى'),
(52, 'TECHNICIEN 2° GRADE', 'تقني من الدرجة الثانية'),
(53, 'TECHNICIEN 3° GRADE', 'تقني من الدرجة الثالثة'),
(54, 'TECHNICIEN 4° GRADE', 'تقني من الدرجة الرابعة'),
(55, 'ADJOINT ADMINISTRATIF 1° GRADE', 'مساعد اداري الدرجة الأولى'),
(56, 'ADJOINT ADMINISTRATIF 2° GRADE', 'مساعد اداري الدرجة الثانية'),
(57, 'ADJOINT ADMINISTRATIF 3° GRADE', 'مساعد اداري الدرجة الثالتة'),
(58, 'ADJOINT DE SANTE PRINCIPAL', 'مساعد صحة ممتاز'),
(59, 'ADJOINT TECHNIQUE 1° GRADE', 'مساعد تقني الدرجة الأولى'),
(60, 'ADJOINT TECHNIQUE 2° GRADE', 'مساعد تقني الدرجة الثانية'),
(61, 'ADJOINT TECHNIQUE 3° GRADE', 'مساعد تقني الدرجة الثالتة'),
(62, 'ADMINISTRATEUR', 'متصرف'),
(63, 'ADMINISTRATEUR 1° GRADE', 'متصرف الدرجة الأولى'),
(64, 'ADMINISTRATEUR 2° GRADE', 'متصرف الدرجة  الثانية'),
(65, 'ADMINISTRATEUR 3° GRADE', 'متصرف الدرجة الثالتة'),
(66, 'ADMINISTRATEUR ADJOINT', 'متصرف مساعد'),
(67, 'ADMINISTRATEUR PRINCIPAL', 'متصرف ممتاز'),
(68, 'INGENIEUR D\'ETAT 1° GRADE', 'مهندس دولة من الدرجة الأولى'),
(69, 'MEDECIN 1° GRADE', 'طبيب من الدرجة الأولى'),
(70, 'REDACTEUR 1° GRADE', 'محرر من الدرجة الأولى'),
(71, 'REDACTEUR 2° GRADE', 'محرر من الدرجة الثانية'),
(72, 'REDACTEUR 3° GRADE', 'محرر من الدرجة الثالتة'),
(73, 'REDACTEUR 4° GRADE', 'محرر من الدرجة الرابعة'),
(74, 'INFERMIERE 1° GRADE ', 'ممرض من الدرجة الأولى'),
(75, 'INGENIEUR EN CHEF', 'مهندس'),
(76, 'TECHNICIEN 1° GRADE', 'تقني من الدرجة الأولى'),
(77, 'TECHNICIEN 2° GRADE', 'تقني من الدرجة الثانية'),
(78, 'TECHNICIEN 3° GRADE', 'تقني من الدرجة الثالثة'),
(79, 'TECHNICIEN 4° GRADE', 'تقني من الدرجة الرابعة'),
(80, 'ADJOINT ADMINISTRATIF 1° GRADE', 'مساعد اداري الدرجة الأولى'),
(81, 'ADJOINT ADMINISTRATIF 2° GRADE', 'مساعد اداري الدرجة الثانية'),
(82, 'ADJOINT ADMINISTRATIF 3° GRADE', 'مساعد اداري الدرجة الثالتة'),
(83, 'ADJOINT DE SANTE PRINCIPAL', 'مساعد صحة ممتاز'),
(84, 'ADJOINT TECHNIQUE 1° GRADE', 'مساعد تقني الدرجة الأولى'),
(85, 'ADJOINT TECHNIQUE 2° GRADE', 'مساعد تقني الدرجة الثانية'),
(86, 'ADJOINT TECHNIQUE 3° GRADE', 'مساعد تقني الدرجة الثالتة'),
(87, 'ADMINISTRATEUR', 'متصرف'),
(88, 'ADMINISTRATEUR 1° GRADE', 'متصرف الدرجة الأولى'),
(89, 'ADMINISTRATEUR 2° GRADE', 'متصرف الدرجة  الثانية'),
(90, 'ADMINISTRATEUR 3° GRADE', 'متصرف الدرجة الثالتة'),
(91, 'ADMINISTRATEUR ADJOINT', 'متصرف مساعد'),
(92, 'ADMINISTRATEUR PRINCIPAL', 'متصرف ممتاز'),
(93, 'INGENIEUR D\'ETAT 1° GRADE', 'مهندس دولة من الدرجة الأولى'),
(94, 'MEDECIN 1° GRADE', 'طبيب من الدرجة الأولى'),
(95, 'REDACTEUR 1° GRADE', 'محرر من الدرجة الأولى'),
(96, 'REDACTEUR 2° GRADE', 'محرر من الدرجة الثانية'),
(97, 'REDACTEUR 3° GRADE', 'محرر من الدرجة الثالتة'),
(98, 'REDACTEUR 4° GRADE', 'محرر من الدرجة الرابعة'),
(99, 'INFERMIERE 1° GRADE ', 'ممرض من الدرجة الأولى'),
(100, 'INGENIEUR EN CHEF', 'مهندس'),
(101, 'TECHNICIEN 1° GRADE', 'تقني من الدرجة الأولى'),
(102, 'TECHNICIEN 2° GRADE', 'تقني من الدرجة الثانية'),
(103, 'TECHNICIEN 3° GRADE', 'تقني من الدرجة الثالثة'),
(104, 'TECHNICIEN 4° GRADE', 'تقني من الدرجة الرابعة'),
(105, 'ADJOINT ADMINISTRATIF 1° GRADE', 'مساعد اداري الدرجة الأولى'),
(106, 'ADJOINT ADMINISTRATIF 2° GRADE', 'مساعد اداري الدرجة الثانية'),
(107, 'ADJOINT ADMINISTRATIF 3° GRADE', 'مساعد اداري الدرجة الثالتة'),
(108, 'ADJOINT DE SANTE PRINCIPAL', 'مساعد صحة ممتاز'),
(109, 'ADJOINT TECHNIQUE 1° GRADE', 'مساعد تقني الدرجة الأولى'),
(110, 'ADJOINT TECHNIQUE 2° GRADE', 'مساعد تقني الدرجة الثانية'),
(111, 'ADJOINT TECHNIQUE 3° GRADE', 'مساعد تقني الدرجة الثالتة'),
(112, 'ADMINISTRATEUR', 'متصرف'),
(113, 'ADMINISTRATEUR 1° GRADE', 'متصرف الدرجة الأولى'),
(114, 'ADMINISTRATEUR 2° GRADE', 'متصرف الدرجة  الثانية'),
(115, 'ADMINISTRATEUR 3° GRADE', 'متصرف الدرجة الثالتة'),
(116, 'ADMINISTRATEUR ADJOINT', 'متصرف مساعد'),
(117, 'ADMINISTRATEUR PRINCIPAL', 'متصرف ممتاز'),
(118, 'INGENIEUR D\'ETAT 1° GRADE', 'مهندس دولة من الدرجة الأولى'),
(119, 'MEDECIN 1° GRADE', 'طبيب من الدرجة الأولى'),
(120, 'REDACTEUR 1° GRADE', 'محرر من الدرجة الأولى'),
(121, 'REDACTEUR 2° GRADE', 'محرر من الدرجة الثانية'),
(122, 'REDACTEUR 3° GRADE', 'محرر من الدرجة الثالتة'),
(123, 'REDACTEUR 4° GRADE', 'محرر من الدرجة الرابعة'),
(124, 'INFERMIERE 1° GRADE ', 'ممرض من الدرجة الأولى'),
(125, 'INGENIEUR EN CHEF', 'مهندس');

-- --------------------------------------------------------

--
-- Structure de la table `migrations`
--

DROP TABLE IF EXISTS `migrations`;
CREATE TABLE IF NOT EXISTS `migrations` (
  `id` int UNSIGNED NOT NULL AUTO_INCREMENT,
  `migration` varchar(255) COLLATE utf8mb4_unicode_ci NOT NULL,
  `batch` int NOT NULL,
  PRIMARY KEY (`id`)
) ENGINE=MyISAM AUTO_INCREMENT=40 DEFAULT CHARSET=utf8mb4 COLLATE=utf8mb4_unicode_ci;

--
-- Déchargement des données de la table `migrations`
--

INSERT INTO `migrations` (`id`, `migration`, `batch`) VALUES
(19, '2023_07_08_133001_create_agents_table', 1),
(20, '2023_07_08_133001_create_archives_table', 1),
(21, '2023_07_08_133001_create_bureaus_table', 1),
(22, '2023_07_08_133001_create_categories_table', 1),
(23, '2023_07_08_133001_create_departements_table', 1),
(24, '2023_07_08_133001_create_documents_table', 1),
(25, '2023_07_08_133001_create_failed_jobs_table', 1),
(26, '2023_07_08_133001_create_fonctions_table', 1),
(27, '2023_07_08_133001_create_formations_table', 1),
(28, '2023_07_08_133001_create_grades_table', 1),
(29, '2023_07_08_133001_create_positions_table', 1),
(30, '2023_07_08_133001_create_services_table', 1),
(31, '2023_07_08_133001_create_stagiaires_table', 1),
(32, '2023_07_08_133003_add_foreign_keys_to_agents_table', 1),
(33, '2023_07_08_133003_add_foreign_keys_to_archives_table', 1),
(34, '2023_07_08_133003_add_foreign_keys_to_bureaus_table', 1),
(35, '2023_07_08_133003_add_foreign_keys_to_documents_table', 1),
(36, '2023_07_08_133003_add_foreign_keys_to_services_table', 1),
(37, '2023_07_08_133001_create_password_resets_table', 2),
(38, '2023_07_08_133001_create_users_table', 3),
(39, '2023_07_10_121514_create_conges_table', 4);

-- --------------------------------------------------------

--
-- Structure de la table `password_resets`
--

DROP TABLE IF EXISTS `password_resets`;
CREATE TABLE IF NOT EXISTS `password_resets` (
  `email` varchar(255) COLLATE utf8mb4_unicode_ci NOT NULL,
  `token` varchar(255) COLLATE utf8mb4_unicode_ci NOT NULL,
  `created_at` datetime DEFAULT NULL
) ENGINE=MyISAM DEFAULT CHARSET=utf8mb4 COLLATE=utf8mb4_unicode_ci;

-- --------------------------------------------------------

--
-- Structure de la table `positions`
--

DROP TABLE IF EXISTS `positions`;
CREATE TABLE IF NOT EXISTS `positions` (
  `id_position` int NOT NULL AUTO_INCREMENT,
  `nom_position_fr` varchar(50) COLLATE utf8mb4_unicode_ci DEFAULT NULL,
  `nom_position_ar` varchar(50) COLLATE utf8mb4_unicode_ci DEFAULT NULL,
  PRIMARY KEY (`id_position`)
) ENGINE=MyISAM AUTO_INCREMENT=26 DEFAULT CHARSET=utf8mb4 COLLATE=utf8mb4_unicode_ci;

--
-- Déchargement des données de la table `positions`
--

INSERT INTO `positions` (`id_position`, `nom_position_fr`, `nom_position_ar`) VALUES
(1, 'Sans', 'لا شيئ'),
(2, 'Détachement', 'الإلحاق'),
(3, 'Mise à la disposition', 'رهن الإشارة'),
(4, 'Intégration', 'الإدماج'),
(5, 'retraites', 'المتقاعدين'),
(6, 'Sans', 'لا شيئ'),
(7, 'Détachement', 'الإلحاق'),
(8, 'Mise à la disposition', 'رهن الإشارة'),
(9, 'Intégration', 'الإدماج'),
(10, 'retraites', 'المتقاعدين'),
(11, 'Sans', 'لا شيئ'),
(12, 'Détachement', 'الإلحاق'),
(13, 'Mise à la disposition', 'رهن الإشارة'),
(14, 'Intégration', 'الإدماج'),
(15, 'retraites', 'المتقاعدين'),
(16, 'Sans', 'لا شيئ'),
(17, 'Détachement', 'الإلحاق'),
(18, 'Mise à la disposition', 'رهن الإشارة'),
(19, 'Intégration', 'الإدماج'),
(20, 'retraites', 'المتقاعدين'),
(21, 'Sans', 'لا شيئ'),
(22, 'Détachement', 'الإلحاق'),
(23, 'Mise à la disposition', 'رهن الإشارة'),
(24, 'Intégration', 'الإدماج'),
(25, 'retraites', 'المتقاعدين');

-- --------------------------------------------------------

--
-- Structure de la table `services`
--

DROP TABLE IF EXISTS `services`;
CREATE TABLE IF NOT EXISTS `services` (
  `id_service` int NOT NULL AUTO_INCREMENT,
  `nom_service_fr` varchar(150) COLLATE utf8mb4_unicode_ci DEFAULT NULL,
  `nom_service_ar` varchar(150) COLLATE utf8mb4_unicode_ci DEFAULT NULL,
  `id_departement` int NOT NULL,
  PRIMARY KEY (`id_service`),
  KEY `id_departement` (`id_departement`)
) ENGINE=MyISAM AUTO_INCREMENT=31 DEFAULT CHARSET=utf8mb4 COLLATE=utf8mb4_unicode_ci;

--
-- Déchargement des données de la table `services`
--

INSERT INTO `services` (`id_service`, `nom_service_fr`, `nom_service_ar`, `id_departement`) VALUES
(1, 'service des affaires financières', 'مصلحة الشؤون المالية', 1),
(2, 'service des affaires juridiques', 'مصلحة الشؤون القانونية', 1),
(3, 'service des affaires administratives', 'مصلحة الشؤون الإدارية', 1),
(4, 'Direction des Travaux, de l Entretien et du Patrimoine', 'مصلحة الأشغال والصيانة والممتلكات', 2),
(5, 'service de la planification et de la gestion sur le terrain et des affaires environnementales et sanitaires', 'مصلحة التخطيط وتدبير المجال وشؤون البيئة والصحة', 2),
(6, 'service des Etudes Techniques et du Suivi', 'مصلحة الدراسات التقنية والمراقبة', 2),
(7, 'service des affaires financières', 'مصلحة الشؤون المالية', 1),
(8, 'service des affaires juridiques', 'مصلحة الشؤون القانونية', 1),
(9, 'service des affaires administratives', 'مصلحة الشؤون الإدارية', 1),
(10, 'Direction des Travaux, de l Entretien et du Patrimoine', 'مصلحة الأشغال والصيانة والممتلكات', 2),
(11, 'service de la planification et de la gestion sur le terrain et des affaires environnementales et sanitaires', 'مصلحة التخطيط وتدبير المجال وشؤون البيئة والصحة', 2),
(12, 'service des Etudes Techniques et du Suivi', 'مصلحة الدراسات التقنية والمراقبة', 2),
(13, 'service des affaires financières', 'مصلحة الشؤون المالية', 1),
(14, 'service des affaires juridiques', 'مصلحة الشؤون القانونية', 1),
(15, 'service des affaires administratives', 'مصلحة الشؤون الإدارية', 1),
(16, 'Direction des Travaux, de l Entretien et du Patrimoine', 'مصلحة الأشغال والصيانة والممتلكات', 2),
(17, 'service de la planification et de la gestion sur le terrain et des affaires environnementales et sanitaires', 'مصلحة التخطيط وتدبير المجال وشؤون البيئة والصحة', 2),
(18, 'service des Etudes Techniques et du Suivi', 'مصلحة الدراسات التقنية والمراقبة', 2),
(19, 'service des affaires financières', 'مصلحة الشؤون المالية', 1),
(20, 'service des affaires juridiques', 'مصلحة الشؤون القانونية', 1),
(21, 'service des affaires administratives', 'مصلحة الشؤون الإدارية', 1),
(22, 'Direction des Travaux, de l Entretien et du Patrimoine', 'مصلحة الأشغال والصيانة والممتلكات', 2),
(23, 'service de la planification et de la gestion sur le terrain et des affaires environnementales et sanitaires', 'مصلحة التخطيط وتدبير المجال وشؤون البيئة والصحة', 2),
(24, 'service des Etudes Techniques et du Suivi', 'مصلحة الدراسات التقنية والمراقبة', 2),
(25, 'service des affaires financières', 'مصلحة الشؤون المالية', 1),
(26, 'service des affaires juridiques', 'مصلحة الشؤون القانونية', 1),
(27, 'service des affaires administratives', 'مصلحة الشؤون الإدارية', 1),
(28, 'Direction des Travaux, de l Entretien et du Patrimoine', 'مصلحة الأشغال والصيانة والممتلكات', 2),
(29, 'service de la planification et de la gestion sur le terrain et des affaires environnementales et sanitaires', 'مصلحة التخطيط وتدبير المجال وشؤون البيئة والصحة', 2),
(30, 'service des Etudes Techniques et du Suivi', 'مصلحة الدراسات التقنية والمراقبة', 2);

-- --------------------------------------------------------

--
-- Structure de la table `stagiaires`
--

DROP TABLE IF EXISTS `stagiaires`;
CREATE TABLE IF NOT EXISTS `stagiaires` (
  `id_stagiaire` int NOT NULL AUTO_INCREMENT,
  `nom_stagiaire_ar` varchar(100) COLLATE utf8mb4_unicode_ci DEFAULT NULL,
  `nom_stagiaire_fr` varchar(100) COLLATE utf8mb4_unicode_ci DEFAULT NULL,
  `date_debut_stage` date DEFAULT NULL,
  `date_fin_stage` date DEFAULT NULL,
  `direction_stagiaire` varchar(150) COLLATE utf8mb4_unicode_ci DEFAULT NULL,
  `filiere_stagiaire` varchar(200) COLLATE utf8mb4_unicode_ci DEFAULT NULL,
  `path_stage` varchar(150) COLLATE utf8mb4_unicode_ci DEFAULT NULL,
  PRIMARY KEY (`id_stagiaire`)
) ENGINE=MyISAM DEFAULT CHARSET=utf8mb4 COLLATE=utf8mb4_unicode_ci;

-- --------------------------------------------------------

--
-- Structure de la table `users`
--

DROP TABLE IF EXISTS `users`;
CREATE TABLE IF NOT EXISTS `users` (
  `id` bigint UNSIGNED NOT NULL AUTO_INCREMENT,
  `name` varchar(255) COLLATE utf8mb4_unicode_ci NOT NULL,
  `email` varchar(255) COLLATE utf8mb4_unicode_ci NOT NULL,
  `email_verified_at` datetime DEFAULT NULL,
  `password` varchar(255) COLLATE utf8mb4_unicode_ci NOT NULL,
  `remember_token` varchar(100) COLLATE utf8mb4_unicode_ci DEFAULT NULL,
  `created_at` datetime NOT NULL,
  PRIMARY KEY (`id`)
) ENGINE=MyISAM DEFAULT CHARSET=utf8mb4 COLLATE=utf8mb4_unicode_ci;
COMMIT;

/*!40101 SET CHARACTER_SET_CLIENT=@OLD_CHARACTER_SET_CLIENT */;
/*!40101 SET CHARACTER_SET_RESULTS=@OLD_CHARACTER_SET_RESULTS */;
/*!40101 SET COLLATION_CONNECTION=@OLD_COLLATION_CONNECTION */;
